repeat,rows,width,dtype,family,norm,mode,metric,p50_us,p95_us,samples,calls_per_sample,measured_wall_seconds
0,1,1024,bfloat16,eager,rmsnorm,backward_retained,wall,293.4193181818182,312.6250818181818,1000,11,3.250799899999996
0,1,1024,bfloat16,eager,rmsnorm,backward_retained,gpu_event,271.08655192635274,289.43388462066645,1000,11,3.250799899999996
0,1,1024,bfloat16,eager,rmsnorm,full_step,wall,448.508,490.9320071428571,1000,7,3.189683071
0,1,1024,bfloat16,eager,rmsnorm,full_step,gpu_event,411.51770523616244,451.15931034088135,1000,7,3.189683071
0,1,1024,bfloat16,eager,rmsnorm,inference,wall,74.11042647058824,76.11763235294119,1184,34,3.000881538
0,1,1024,bfloat16,eager,rmsnorm,inference,gpu_event,68.99576327380012,70.95265914412106,1184,34,3.000881538
0,1,1024,bfloat16,eager,rmsnorm,training_forward,wall,84.40556666666666,86.77759333333333,1179,30,3.000828082000001
0,1,1024,bfloat16,eager,rmsnorm,training_forward,gpu_event,77.98933188120525,80.21994590759277,1179,30,3.000828082000001
1,512,1024,float32,native,rmsnorm,training_forward,wall,12.875520618556699,13.359754123711339,2384,97,3.0001528130000032
1,512,1024,float32,native,rmsnorm,training_forward,gpu_event,10.123876566739426,10.577006561239969,2384,97,3.0001528130000032
1,512,1024,float32,native,rmsnorm,backward_retained,wall,141.79752631578947,150.76416315789473,1119,19,3.0025145500000057
1,512,1024,float32,native,rmsnorm,backward_retained,gpu_event,113.77178995232833,121.86677832352487,1119,19,3.0025145500000057
1,512,1024,float32,native,rmsnorm,full_step,wall,200.97060000000002,223.67460333333332,1000,15,3.0689555189999975
1,512,1024,float32,native,rmsnorm,full_step,gpu_event,169.7461287180583,190.67221879959106,1000,15,3.0689555189999975
1,512,1024,float32,native,rmsnorm,inference,wall,12.736585858585858,13.20989595959596,2363,99,3.000979323999993
1,512,1024,float32,native,rmsnorm,inference,gpu_event,10.043474760922518,10.47789930093168,2363,99,3.000979323999993
0,4096,4096,float32,native,layernorm,backward_retained,wall,1260.6195,1289.1069499999999,1000,3,3.796597461000001
0,4096,4096,float32,native,layernorm,backward_retained,gpu_event,1088.853359222412,1092.9493109385173,1000,3,3.796597461000001
0,4096,4096,float32,native,layernorm,full_step,wall,2224.8140000000003,2259.992375,1000,2,4.458759082000003
0,4096,4096,float32,native,layernorm,full_step,gpu_event,1974.7999906539917,1982.092785835266,1000,2,4.458759082000003
0,4096,4096,float32,native,layernorm,inference,wall,324.39633333333336,327.36861111111114,1026,9,3.0009880400000024
0,4096,4096,float32,native,layernorm,inference,gpu_event,304.8426575130886,305.6097692913479,1026,9,3.0009880400000024
0,4096,4096,float32,native,layernorm,training_forward,wall,324.3068888888889,327.4904166666667,1026,9,3.0003105490000026
0,4096,4096,float32,native,layernorm,training_forward,gpu_event,304.7040038638645,305.49332830641004,1026,9,3.0003105490000026
1,32,1024,float32,compiled,rmsnorm,training_forward,wall,120.3475,123.82629999999999,1129,22,3.002358161999998
1,32,1024,float32,compiled,rmsnorm,training_forward,gpu_event,115.37745865908536,118.75840317119251,1129,22,3.002358161999998
1,32,1024,float32,compiled,rmsnorm,backward_retained,wall,245.11012499999998,261.56066666666663,1018,12,3.002165219
1,32,1024,float32,compiled,rmsnorm,backward_retained,gpu_event,228.3893326918284,243.97400120894113,1018,12,3.002165219
1,32,1024,float32,compiled,rmsnorm,full_step,wall,443.0228571428572,466.77313571428573,1000,7,3.1151946330000024
1,32,1024,float32,compiled,rmsnorm,full_step,gpu_event,424.13713250841414,447.9094862937927,1000,7,3.1151946330000024
1,32,1024,float32,compiled,rmsnorm,inference,wall,78.68678125,82.38262499999999,1181,32,3.0005473040000017
1,32,1024,float32,compiled,rmsnorm,inference,gpu_event,75.6480023264885,79.23199981451035,1181,32,3.0005473040000017
0,512,8192,bfloat16,eager,rmsnorm,backward_retained,wall,775.6370000000001,788.947,1000,4,3.105283162999998
0,512,8192,bfloat16,eager,rmsnorm,backward_retained,gpu_event,703.4239768981934,709.0819805860519,1000,4,3.105283162999998
0,512,8192,bfloat16,eager,rmsnorm,full_step,wall,1047.5819999999999,1063.3209833333333,1000,3,3.152756202000001
0,512,8192,bfloat16,eager,rmsnorm,full_step,gpu_event,951.5680074691772,958.8053226470947,1000,3,3.152756202000001
0,512,8192,bfloat16,eager,rmsnorm,inference,wall,168.03903125,169.932146875,1114,16,3.000741468
0,512,8192,bfloat16,eager,rmsnorm,inference,gpu_event,156.8640023469925,158.007400482893,1114,16,3.000741468
0,512,8192,bfloat16,eager,rmsnorm,training_forward,wall,169.07956249999998,171.086765625,1106,16,3.0009212719999985
0,512,8192,bfloat16,eager,rmsnorm,training_forward,gpu_event,156.92399442195892,158.08149427175522,1106,16,3.0009212719999985
0,32,4096,float32,native,layernorm,backward_retained,wall,132.84626315789473,147.23352631578948,1165,19,3.0031688639999996
0,32,4096,float32,native,layernorm,backward_retained,gpu_event,105.20252428556743,118.35250352558336,1165,19,3.0031688639999996
0,32,4096,float32,native,layernorm,full_step,wall,200.2910357142857,216.85517857142858,1056,14,3.0015523519999974
0,32,4096,float32,native,layernorm,full_step,gpu_event,167.7097167287554,183.44228608267647,1056,14,3.0015523519999974
0,32,4096,float32,native,layernorm,inference,wall,13.075156250000001,13.561,2367,96,3.000227760999996
0,32,4096,float32,native,layernorm,inference,gpu_event,10.315666596094768,10.752233738700548,2367,96,3.000227760999996
0,32,4096,float32,native,layernorm,training_forward,wall,12.645970588235294,13.07243676470588,2310,102,3.0006242460000028
0,32,4096,float32,native,layernorm,training_forward,gpu_event,10.059293578652774,10.471654697960497,2310,102,3.0006242460000028
0,1,1024,float32,compiled,layernorm,backward_retained,wall,239.619375,256.51577083333336,1036,12,3.0022807519999977
0,1,1024,float32,compiled,layernorm,backward_retained,gpu_event,223.0613430341085,239.16799326737723,1036,12,3.0022807519999977
0,1,1024,float32,compiled,layernorm,full_step,wall,437.4031428571428,470.2485642857143,1000,7,3.0861086690000055
0,1,1024,float32,compiled,layernorm,full_step,gpu_event,418.52341379438127,451.8765722002302,1000,7,3.0861086690000055
0,1,1024,float32,compiled,layernorm,inference,wall,79.0191818181818,82.93557575757575,1141,33,3.000142755000001
0,1,1024,float32,compiled,layernorm,inference,gpu_event,76.08630440451883,79.84097076184821,1141,33,3.000142755000001
0,1,1024,float32,compiled,layernorm,training_forward,wall,118.94797826086956,123.20408695652173,1086,23,3.0007328750000046
0,1,1024,float32,compiled,layernorm,training_forward,gpu_event,114.10921552906866,118.13843250274658,1086,23,3.0007328750000046
0,32,4096,float32,compiled,rmsnorm,backward_retained,wall,246.06449999999998,262.1045,1013,12,3.0004478079999974
0,32,4096,float32,compiled,rmsnorm,backward_retained,gpu_event,229.37599817911783,245.3333338101705,1013,12,3.0004478079999974
0,32,4096,float32,compiled,rmsnorm,full_step,wall,453.1394285714286,479.9412928571428,1000,7,3.185127206999995
0,32,4096,float32,compiled,rmsnorm,full_step,gpu_event,434.0297154017857,461.10720293862477,1000,7,3.185127206999995
0,32,4096,float32,compiled,rmsnorm,inference,wall,80.104,82.96959843749998,1164,32,3.001880985
0,32,4096,float32,compiled,rmsnorm,inference,gpu_event,77.01049745082855,79.66730035841464,1164,32,3.001880985
0,32,4096,float32,compiled,rmsnorm,training_forward,wall,121.6921818181818,127.99909090909091,1111,22,3.0004100880000024
0,32,4096,float32,compiled,rmsnorm,training_forward,gpu_event,116.59636280753396,122.39127267490734,1111,22,3.0004100880000024
0,512,8192,float32,eager,layernorm,backward_retained,wall,782.3565,795.3729999999999,1000,4,3.133844051999996
0,512,8192,float32,eager,layernorm,backward_retained,gpu_event,711.1679911613464,718.3359861373901,1000,4,3.133844051999996
0,512,8192,float32,eager,layernorm,full_step,wall,1010.08825,1022.1212625,1000,4,4.0467652770000075
0,512,8192,float32,eager,layernorm,full_step,gpu_event,938.2240176200867,944.383978843689,1000,4,4.0467652770000075
0,512,8192,float32,eager,layernorm,inference,wall,168.84878125,170.659,1110,16,3.000116751000001
0,512,8192,float32,eager,layernorm,inference,gpu_event,158.21100026369095,159.67999398708344,1110,16,3.000116751000001
0,512,8192,float32,eager,layernorm,training_forward,wall,169.58618750000002,171.436125,1105,16,3.0009786790000064
0,512,8192,float32,eager,layernorm,training_forward,gpu_event,158.2079976797104,159.61599349975586,1105,16,3.0009786790000064
0,4096,4096,bfloat16,native,layernorm,backward_retained,wall,1095.9608333333333,1119.7859833333332,1000,3,3.297209250999996
0,4096,4096,bfloat16,native,layernorm,backward_retained,gpu_event,908.6293379465739,912.0426972707113,1000,3,3.297209250999996
0,4096,4096,bfloat16,native,layernorm,full_step,wall,2282.5215000000003,2311.9864749999997,1000,2,4.5718035110000015
0,4096,4096,bfloat16,native,layernorm,full_step,gpu_event,2080.2559852600098,2086.911916732788,1000,2,4.5718035110000015
0,4096,4096,bfloat16,native,layernorm,inference,wall,159.43477777777778,161.23435555555554,1044,18,3.002791546000003
0,4096,4096,bfloat16,native,layernorm,inference,gpu_event,144.3271107143826,144.66844664679633,1044,18,3.002791546000003
0,4096,4096,bfloat16,native,layernorm,training_forward,wall,159.51555555555555,161.4727222222222,1043,18,3.0026398230000004
0,4096,4096,bfloat16,native,layernorm,training_forward,gpu_event,144.2719962861803,144.6234623591105,1043,18,3.0026398230000004
0,32,8192,float32,native,rmsnorm,backward_retained,wall,143.1713,156.324965,1047,20,3.0022730759999923
0,32,8192,float32,native,rmsnorm,backward_retained,gpu_event,115.34240245819092,126.39743685722351,1047,20,3.0022730759999923
0,32,8192,float32,native,rmsnorm,full_step,wall,205.1022142857143,224.39773928571427,1028,14,3.0028066650000005
0,32,8192,float32,native,rmsnorm,full_step,gpu_event,171.77257367542813,189.3412513392312,1028,14,3.0028066650000005
0,32,8192,float32,native,rmsnorm,inference,wall,12.91810101010101,13.353238383838383,2333,99,3.0000575860000036
0,32,8192,float32,native,rmsnorm,inference,gpu_event,10.219312677479754,10.622707280245693,2333,99,3.0000575860000036
0,32,8192,float32,native,rmsnorm,training_forward,wall,13.154656565656564,13.602542424242424,2287,99,3.0000657169999996
0,32,8192,float32,native,rmsnorm,training_forward,gpu_event,10.415838222311,10.825115382069287,2287,99,3.0000657169999996
1,512,4096,bfloat16,compiled,layernorm,training_forward,wall,122.87199999999999,126.97819545454544,1104,22,3.002498258999996
1,512,4096,bfloat16,compiled,layernorm,training_forward,gpu_event,117.80291253870183,121.66415019468828,1104,22,3.002498258999996
1,512,4096,bfloat16,compiled,layernorm,backward_retained,wall,265.7891818181818,284.8954545454545,1023,11,3.001273320000002
1,512,4096,bfloat16,compiled,layernorm,backward_retained,gpu_event,246.1149042302912,264.82530723918563,1023,11,3.001273320000002
1,512,4096,bfloat16,compiled,layernorm,full_step,wall,504.32883333333336,552.8835083333333,1000,6,3.0468568070000006
1,512,4096,bfloat16,compiled,layernorm,full_step,gpu_event,482.2719891866048,529.4250826040903,1000,6,3.0468568070000006
1,512,4096,bfloat16,compiled,layernorm,inference,wall,78.97137500000001,82.62578125,1177,32,3.0016456129999995
1,512,4096,bfloat16,compiled,layernorm,inference,gpu_event,75.87199658155441,79.32639867067337,1177,32,3.0016456129999995
1,1,8192,bfloat16,native,rmsnorm,training_forward,wall,12.97275,13.452088586956522,2498,92,3.0005502410000027
1,1,8192,bfloat16,native,rmsnorm,training_forward,gpu_event,10.163130319636801,10.629565171573475,2498,92,3.0005502410000027
1,1,8192,bfloat16,native,rmsnorm,backward_retained,wall,153.4538947368421,163.92723157894736,1017,19,3.0005352509999956
1,1,8192,bfloat16,native,rmsnorm,backward_retained,gpu_event,124.00167866757042,133.84219219810083,1017,19,3.0005352509999956
1,1,8192,bfloat16,native,rmsnorm,full_step,wall,236.1940909090909,254.02080454545452,1138,11,3.0021550550000016
1,1,8192,bfloat16,native,rmsnorm,full_step,gpu_event,203.0312798239968,219.68218738382512,1138,11,3.0021550550000016
1,1,8192,bfloat16,native,rmsnorm,inference,wall,12.885202127659575,13.377872340425531,2460,94,3.000236128
1,1,8192,bfloat16,native,rmsnorm,inference,gpu_event,10.131063613485782,10.588595841793303,2460,94,3.000236128
0,32,4096,float32,eager,layernorm,backward_retained,wall,286.344,309.0641409090909,1000,11,3.1956509560000033
0,32,4096,float32,eager,layernorm,backward_retained,gpu_event,264.93672891096634,287.4693816358393,1000,11,3.1956509560000033
0,32,4096,float32,eager,layernorm,full_step,wall,432.2762142857143,465.21028571428565,1000,7,3.0662600520000023
0,32,4096,float32,eager,layernorm,full_step,gpu_event,395.5565861293248,426.13760914121355,1000,7,3.0662600520000023
0,32,4096,float32,eager,layernorm,inference,wall,72.81213235294118,74.77302941176471,1204,34,3.0002591180000056
0,32,4096,float32,eager,layernorm,inference,gpu_event,68.336942616631,70.23435480454388,1204,34,3.0002591180000056
0,32,4096,float32,eager,layernorm,training_forward,wall,82.21567741935485,84.47254838709677,1171,31,3.001563266000002
0,32,4096,float32,eager,layernorm,training_forward,gpu_event,76.8650347186673,78.98013053401824,1171,31,3.001563266000002
1,32,1024,float32,compiled,layernorm,training_forward,wall,123.98577272727273,127.97822727272727,1094,22,3.001031312000002
1,32,1024,float32,compiled,layernorm,training_forward,gpu_event,118.97017739035867,122.77010950175197,1094,22,3.001031312000002
1,32,1024,float32,compiled,layernorm,backward_retained,wall,246.31833333333336,262.96195,1013,12,3.000478826000004
1,32,1024,float32,compiled,layernorm,backward_retained,gpu_event,229.46133216222128,244.90346908569336,1013,12,3.000478826000004
1,32,1024,float32,compiled,layernorm,full_step,wall,452.26464285714286,479.49742857142854,1000,7,3.1818425079999995
1,32,1024,float32,compiled,layernorm,full_step,gpu_event,433.0651419503348,459.9282366888864,1000,7,3.1818425079999995
1,32,1024,float32,compiled,layernorm,inference,wall,79.33903030303031,82.46442424242426,1137,33,3.002108517000002
1,32,1024,float32,compiled,layernorm,inference,gpu_event,76.3675155061664,79.07142061175722,1137,33,3.002108517000002
1,1,4096,bfloat16,eager,rmsnorm,training_forward,wall,86.13801785714286,88.76571428571428,1236,28,3.000558099999995
1,1,4096,bfloat16,eager,rmsnorm,training_forward,gpu_event,79.21600341796875,81.45657394613539,1236,28,3.000558099999995
1,1,4096,bfloat16,eager,rmsnorm,backward_retained,wall,291.44370000000004,311.696085,1018,10,3.0024249889999957
1,1,4096,bfloat16,eager,rmsnorm,backward_retained,gpu_event,266.8447971343994,285.92864513397217,1018,10,3.0024249889999957
1,1,4096,bfloat16,eager,rmsnorm,full_step,wall,455.7289285714286,489.4094285714285,1000,7,3.2342817530000008
1,1,4096,bfloat16,eager,rmsnorm,full_step,gpu_event,418.08458736964633,450.99885123116627,1000,7,3.2342817530000008
1,1,4096,bfloat16,eager,rmsnorm,inference,wall,76.19739393939393,78.54123333333332,1183,33,3.002408870999999
1,1,4096,bfloat16,eager,rmsnorm,inference,gpu_event,70.87320992440888,73.01119963328043,1183,33,3.002408870999999
1,512,4096,float32,native,rmsnorm,training_forward,wall,16.405984848484845,17.58477272727273,2738,66,3.0010979019999966
1,512,4096,float32,native,rmsnorm,training_forward,gpu_event,12.396605628909487,13.45461837270043,2738,66,3.0010979019999966
1,512,4096,float32,native,rmsnorm,backward_retained,wall,139.53722499999998,159.34760999999997,1052,20,3.0023616519999994
1,512,4096,float32,native,rmsnorm,backward_retained,gpu_event,112.70079612731934,131.27591967582703,1052,20,3.0023616519999994
1,512,4096,float32,native,rmsnorm,full_step,wall,210.9693076923077,227.59231923076922,1078,13,3.0017667369999965
1,512,4096,float32,native,rmsnorm,full_step,gpu_event,175.10399451622595,190.54203767042893,1078,13,3.0017667369999965
1,512,4096,float32,native,rmsnorm,inference,wall,15.908027027027027,16.474254054054054,2525,74,3.000114432999995
1,512,4096,float32,native,rmsnorm,inference,gpu_event,12.34205429618423,12.647265195846558,2525,74,3.000114432999995
0,4096,8192,bfloat16,native,rmsnorm,backward_retained,wall,2162.5025,2195.966525,1000,2,4.333030397
0,4096,8192,bfloat16,native,rmsnorm,backward_retained,gpu_event,1955.3279876708984,1967.6159620285036,1000,2,4.333030397
0,4096,8192,bfloat16,native,rmsnorm,full_step,wall,4700.173,4738.79305,1000,1,4.705649189999998
0,4096,8192,bfloat16,native,rmsnorm,full_step,gpu_event,4361.184120178223,4379.648208618164,1000,1,4.705649189999998
0,4096,8192,bfloat16,native,rmsnorm,inference,wall,325.65749999999997,328.67045,1000,10,3.262207208000001
0,4096,8192,bfloat16,native,rmsnorm,inference,gpu_event,306.278395652771,307.09760189056396,1000,10,3.262207208000001
0,4096,8192,bfloat16,native,rmsnorm,training_forward,wall,327.004,330.2429055555556,1018,9,3.001612440999999
0,4096,8192,bfloat16,native,rmsnorm,training_forward,gpu_event,306.2897788153754,307.20000796847876,1018,9,3.001612440999999
0,32,1024,bfloat16,compiled,layernorm,backward_retained,wall,256.35741666666667,273.0736625,1000,12,3.085131083000003
0,32,1024,bfloat16,compiled,layernorm,backward_retained,gpu_event,238.7626568476359,254.8179934422175,1000,12,3.085131083000003
0,32,1024,bfloat16,compiled,layernorm,full_step,wall,478.92407142857144,510.22369999999995,1000,7,3.373607138000003
0,32,1024,bfloat16,compiled,layernorm,full_step,gpu_event,459.71657548631936,490.3236542429243,1000,7,3.373607138000003
0,32,1024,bfloat16,compiled,layernorm,inference,wall,77.7191875,80.612221875,1199,32,3.0003452449999966
0,32,1024,bfloat16,compiled,layernorm,inference,gpu_event,74.68800246715546,77.4432010948658,1199,32,3.0003452449999966
0,32,1024,bfloat16,compiled,layernorm,training_forward,wall,121.17402173913044,124.6491304347826,1070,23,3.0007465499999975
0,32,1024,bfloat16,compiled,layernorm,training_forward,gpu_event,116.42434286034626,119.58678027857904,1070,23,3.0007465499999975
0,512,4096,bfloat16,native,rmsnorm,backward_retained,wall,152.23933333333332,167.6636111111111,1074,18,3.0009358959999997
0,512,4096,bfloat16,native,rmsnorm,backward_retained,gpu_event,121.17332882351346,135.6961793369717,1074,18,3.0009358959999997
0,512,4096,bfloat16,native,rmsnorm,full_step,wall,245.2408333333333,265.9216541666667,1004,12,3.0000995920000055
0,512,4096,bfloat16,native,rmsnorm,full_step,gpu_event,213.84400129318237,234.22719538211823,1004,12,3.0000995920000055
0,512,4096,bfloat16,native,rmsnorm,inference,wall,13.933641304347827,14.411608695652173,2327,92,3.0010266630000024
0,512,4096,bfloat16,native,rmsnorm,inference,gpu_event,10.974609333535899,11.43095674722091,2327,92,3.0010266630000024
0,512,4096,bfloat16,native,rmsnorm,training_forward,wall,13.773288888888889,14.301044444444445,2403,90,3.000244309999998
0,512,4096,bfloat16,native,rmsnorm,training_forward,gpu_event,10.76551079750061,11.229866080813936,2403,90,3.000244309999998
0,4096,4096,float32,eager,rmsnorm,backward_retained,wall,4384.635,4435.52405,1000,1,4.389644210000005
0,4096,4096,float32,eager,rmsnorm,backward_retained,gpu_event,4091.888189315796,4101.254200935364,1000,1,4.389644210000005
0,4096,4096,float32,eager,rmsnorm,full_step,wall,5997.403,6039.095,1000,1,6.003519450999992
0,4096,4096,float32,eager,rmsnorm,full_step,gpu_event,5706.751823425293,5718.016147613525,1000,1,6.003519450999992
0,4096,4096,float32,eager,rmsnorm,inference,wall,1101.6721666666667,1110.631,1000,3,3.3096007340000004
0,4096,4096,float32,eager,rmsnorm,inference,gpu_event,1042.090654373169,1044.8213418324788,1000,3,3.3096007340000004
0,4096,4096,float32,eager,rmsnorm,training_forward,wall,1106.3965,1115.43165,1000,3,3.3233258929999954
0,4096,4096,float32,eager,rmsnorm,training_forward,gpu_event,1042.090654373169,1045.1626777648926,1000,3,3.3233258929999954
0,4096,4096,bfloat16,eager,layernorm,backward_retained,wall,6092.9025,6142.379,1000,1,6.101013351000006
0,4096,4096,bfloat16,eager,layernorm,backward_retained,gpu_event,5797.887802124023,5809.121775627136,1000,1,6.101013351000006
0,4096,4096,bfloat16,eager,layernorm,full_step,wall,8947.491999999998,8988.20515,1000,1,8.953413441000004
0,4096,4096,bfloat16,eager,layernorm,full_step,gpu_event,8733.695983886719,8749.065446853638,1000,1,8.953413441000004
0,4096,4096,bfloat16,eager,layernorm,inference,wall,1982.9934999999998,1995.6702500000001,1000,2,3.969662400999993
0,4096,4096,bfloat16,eager,layernorm,inference,gpu_event,1891.8399810791016,1896.4504182338715,1000,2,3.969662400999993
0,4096,4096,bfloat16,eager,layernorm,training_forward,wall,1991.37625,2003.415975,1000,2,3.987578135999998
0,4096,4096,bfloat16,eager,layernorm,training_forward,gpu_event,1892.248034477234,1896.9600200653076,1000,2,3.987578135999998
1,512,8192,float32,compiled,layernorm,training_forward,wall,124.49740909090909,127.889,1090,22,3.0021215399999974
1,512,8192,float32,compiled,layernorm,training_forward,gpu_event,119.3607286973433,122.57978320121765,1090,22,3.0021215399999974
1,512,8192,float32,compiled,layernorm,backward_retained,wall,272.6251,299.0992,1098,10,3.0022286940000003
1,512,8192,float32,compiled,layernorm,backward_retained,gpu_event,252.2047996520996,277.90271162986755,1098,10,3.0022286940000003
1,512,8192,float32,compiled,layernorm,full_step,wall,484.95021428571425,533.1360214285714,1000,7,3.4221525169999985
1,512,8192,float32,compiled,layernorm,full_step,gpu_event,465.15885421207975,514.2267312322344,1000,7,3.4221525169999985
1,512,8192,float32,compiled,layernorm,inference,wall,79.20462903225805,82.75993548387098,1212,31,3.002350089
1,512,8192,float32,compiled,layernorm,inference,gpu_event,76.04026025341403,79.52350762582594,1212,31,3.002350089
0,4096,4096,bfloat16,compiled,rmsnorm,backward_retained,wall,887.2381250000001,895.1265,1000,4,3.5536166010000017
0,4096,4096,bfloat16,compiled,rmsnorm,backward_retained,gpu_event,828.4159898757935,832.5144201517105,1000,4,3.5536166010000017
0,4096,4096,bfloat16,compiled,rmsnorm,full_step,wall,2240.6189999999997,2265.3985,1000,2,4.489211949999997
0,4096,4096,bfloat16,compiled,rmsnorm,full_step,gpu_event,2168.3199405670166,2190.8481121063232,1000,2,4.489211949999997
0,4096,4096,bfloat16,compiled,rmsnorm,inference,wall,164.84340625,167.525596875,1132,16,3.0006788850000015
0,4096,4096,bfloat16,compiled,rmsnorm,inference,gpu_event,158.01599621772766,160.12799739837646,1132,16,3.0006788850000015
0,4096,4096,bfloat16,compiled,rmsnorm,training_forward,wall,167.730875,170.7921,1113,16,3.000585653999998
0,4096,4096,bfloat16,compiled,rmsnorm,training_forward,gpu_event,160.44799983501434,163.2604032754898,1113,16,3.000585653999998
0,32,4096,bfloat16,native,rmsnorm,backward_retained,wall,157.6459090909091,171.57681818181817,1709,11,3.0006272429999994
0,32,4096,bfloat16,native,rmsnorm,backward_retained,gpu_event,105.75127601623535,117.20145832408558,1709,11,3.0006272429999994
0,32,4096,bfloat16,native,rmsnorm,full_step,wall,243.64524999999998,266.6996875,1010,12,3.0015864659999973
0,32,4096,bfloat16,native,rmsnorm,full_step,gpu_event,212.0946745077769,233.05120766162872,1010,12,3.0015864659999973
0,32,4096,bfloat16,native,rmsnorm,inference,wall,12.68753846153846,13.154872115384615,2259,104,3.0011253310000026
0,32,4096,bfloat16,native,rmsnorm,inference,gpu_event,10.131692657103905,10.583476951489082,2259,104,3.0011253310000026
0,32,4096,bfloat16,native,rmsnorm,training_forward,wall,12.644524752475247,13.07458712871287,2335,101,3.000665293
0,32,4096,bfloat16,native,rmsnorm,training_forward,gpu_event,10.005861225694712,10.412356641032908,2335,101,3.000665293
1,512,8192,float32,compiled,rmsnorm,training_forward,wall,123.47477272727274,127.5345068181818,1098,22,3.0000749959999995
1,512,8192,float32,compiled,rmsnorm,training_forward,gpu_event,118.35854703729802,122.1879254687916,1098,22,3.0000749959999995
1,512,8192,float32,compiled,rmsnorm,backward_retained,wall,269.8507272727273,293.90485454545455,1008,11,3.0001840620000046
1,512,8192,float32,compiled,rmsnorm,backward_retained,gpu_event,250.92654878442937,274.95795488357544,1008,11,3.0001840620000046
1,512,8192,float32,compiled,rmsnorm,full_step,wall,480.23699999999997,528.0942928571428,1000,7,3.3915518320000015
1,512,8192,float32,compiled,rmsnorm,full_step,gpu_event,460.5599982397897,508.3579318864005,1000,7,3.3915518320000015
1,512,8192,float32,compiled,rmsnorm,inference,wall,80.85625806451613,85.42512903225807,1184,31,3.000708388000004
1,512,8192,float32,compiled,rmsnorm,inference,gpu_event,77.6588378414031,81.83380865281627,1184,31,3.000708388000004
0,32,1024,bfloat16,native,rmsnorm,backward_retained,wall,151.33194736842105,168.13725263157895,1025,19,3.0022185139999977
0,32,1024,bfloat16,native,rmsnorm,backward_retained,gpu_event,121.74820899963379,136.88656656365646,1025,19,3.0022185139999977
0,32,1024,bfloat16,native,rmsnorm,full_step,wall,231.66492307692306,251.9733115384615,1000,13,3.063677536999998
0,32,1024,bfloat16,native,rmsnorm,full_step,gpu_event,203.85353381817157,222.82965458356418,1000,13,3.063677536999998
0,32,1024,bfloat16,native,rmsnorm,inference,wall,12.197395833333333,12.775919791666665,2542,96,3.0006505380000035
0,32,1024,bfloat16,native,rmsnorm,inference,gpu_event,9.493333597977957,10.015999898314476,2542,96,3.0006505380000035
0,32,1024,bfloat16,native,rmsnorm,training_forward,wall,12.1848,12.661714285714286,2329,105,3.000991460999996
0,32,1024,bfloat16,native,rmsnorm,training_forward,gpu_event,9.694780622209823,10.113218852451869,2329,105,3.000991460999996
0,4096,8192,float32,native,layernorm,backward_retained,wall,2621.84525,2655.474525,1000,2,5.254245660000001
0,4096,8192,float32,native,layernorm,backward_retained,gpu_event,2435.0719451904297,2440.1448607444763,1000,2,5.254245660000001
0,4096,8192,float32,native,layernorm,full_step,wall,4664.192,4705.328399999999,1000,1,4.670962042000001
0,4096,8192,float32,native,layernorm,full_step,gpu_event,4369.279861450195,4380.671977996826,1000,1,4.670962042000001
0,4096,8192,float32,native,layernorm,inference,wall,757.464125,764.4804875,1000,4,3.0362544359999983
0,4096,8192,float32,native,layernorm,inference,gpu_event,726.7839908599854,729.8087745904922,1000,4,3.0362544359999983
0,4096,8192,float32,native,layernorm,training_forward,wall,757.8987500000001,763.9316,1000,4,3.034221647999999
0,4096,8192,float32,native,layernorm,training_forward,gpu_event,726.7839908599854,729.3844044208527,1000,4,3.034221647999999
1,32,1024,bfloat16,eager,rmsnorm,training_forward,wall,87.76055357142857,90.23521428571428,1214,28,3.0004444080000026
1,32,1024,bfloat16,eager,rmsnorm,training_forward,gpu_event,81.04228973388672,83.46879695143018,1214,28,3.0004444080000026
1,32,1024,bfloat16,eager,rmsnorm,backward_retained,wall,291.6644090909091,318.03855,1000,11,3.2524917909999984
1,32,1024,bfloat16,eager,rmsnorm,backward_retained,gpu_event,269.96363293040883,293.88800534335047,1000,11,3.2524917909999984
1,32,1024,bfloat16,eager,rmsnorm,full_step,wall,455.89207142857146,494.38257857142855,1000,7,3.246772145000001
1,32,1024,bfloat16,eager,rmsnorm,full_step,gpu_event,418.37712696620395,454.5142837933131,1000,7,3.246772145000001
1,32,1024,bfloat16,eager,rmsnorm,inference,wall,77.63140625000001,79.74984375,1201,32,3.0012990790000016
1,32,1024,bfloat16,eager,rmsnorm,inference,gpu_event,72.22899794578552,74.4279995560646,1201,32,3.0012990790000016
0,4096,4096,bfloat16,eager,rmsnorm,backward_retained,wall,5061.012,5107.417,1000,1,5.069459764
0,4096,4096,bfloat16,eager,rmsnorm,backward_retained,gpu_event,4761.600017547607,4770.915365219116,1000,1,5.069459764
0,4096,4096,bfloat16,eager,rmsnorm,full_step,wall,7595.4175,7636.5260499999995,1000,1,7.602948333000007
0,4096,4096,bfloat16,eager,rmsnorm,full_step,gpu_event,7297.023773193359,7310.183906555176,1000,1,7.602948333000007
0,4096,4096,bfloat16,eager,rmsnorm,inference,wall,1591.24725,1605.605325,1000,2,3.186945277999996
0,4096,4096,bfloat16,eager,rmsnorm,inference,gpu_event,1499.135971069336,1503.1847655773163,1000,2,3.186945277999996
0,4096,4096,bfloat16,eager,rmsnorm,training_forward,wall,1598.77575,1613.95,1000,2,3.201706983000003
0,4096,4096,bfloat16,eager,rmsnorm,training_forward,gpu_event,1499.135971069336,1503.2320022583008,1000,2,3.201706983000003
0,32,8192,bfloat16,eager,layernorm,backward_retained,wall,334.57166666666666,362.62555555555554,1000,9,3.054832434999997
0,32,8192,bfloat16,eager,layernorm,backward_retained,gpu_event,308.1102106306288,335.31573348575165,1000,9,3.054832434999997
0,32,8192,bfloat16,eager,layernorm,full_step,wall,530.7845833333333,587.9313333333333,1000,6,3.2469053050000007
0,32,8192,bfloat16,eager,layernorm,full_step,gpu_event,498.3466863632202,550.9975870450337,1000,6,3.2469053050000007
0,32,8192,bfloat16,eager,layernorm,inference,wall,94.70355555555555,97.00466666666668,1167,27,3.000878032000004
0,32,8192,bfloat16,eager,layernorm,inference,gpu_event,88.59496646457248,90.85914382228145,1167,27,3.000878032000004
0,32,8192,bfloat16,eager,layernorm,training_forward,wall,107.49547826086958,109.9911304347826,1209,23,3.001199116999996
0,32,8192,bfloat16,eager,layernorm,training_forward,gpu_event,99.6396541595459,102.04215464384659,1209,23,3.001199116999996
0,512,1024,float32,native,rmsnorm,backward_retained,wall,135.3704,166.30053,1073,20,3.001893864000004
0,512,1024,float32,native,rmsnorm,backward_retained,gpu_event,108.44160318374634,136.01791858673096,1073,20,3.001893864000004
0,512,1024,float32,native,rmsnorm,full_step,wall,202.24306666666666,222.36766666666665,1000,15,3.0902603630000027
0,512,1024,float32,native,rmsnorm,full_step,gpu_event,171.0208018620809,189.6718907356262,1000,15,3.0902603630000027
0,512,1024,float32,native,rmsnorm,inference,wall,12.265733333333333,12.728085714285713,2316,105,3.000269632000002
0,512,1024,float32,native,rmsnorm,inference,gpu_event,9.799314680553618,10.21074340457008,2316,105,3.000269632000002
0,512,1024,float32,native,rmsnorm,training_forward,wall,12.419398058252428,12.83885436893204,2331,103,3.000302846999995
0,512,1024,float32,native,rmsnorm,training_forward,gpu_event,9.8721552821039,10.270757582581158,2331,103,3.000302846999995
1,32,4096,float32,eager,rmsnorm,training_forward,wall,60.62135714285715,62.24634523809524,1171,42,3.001674037000003
1,32,4096,float32,eager,rmsnorm,training_forward,gpu_event,56.2232392174857,57.77066662198021,1171,42,3.001674037000003
1,32,4096,float32,eager,rmsnorm,backward_retained,wall,249.79991666666666,272.2618291666667,1000,12,3.047062370000001
1,32,4096,float32,eager,rmsnorm,backward_retained,gpu_event,229.71733411153158,250.14947056770322,1000,12,3.047062370000001
1,32,4096,float32,eager,rmsnorm,full_step,wall,374.156375,405.26575,1000,8,3.036536252000004
1,32,4096,float32,eager,rmsnorm,full_step,gpu_event,342.0160114765167,371.49138897657394,1000,8,3.036536252000004
1,32,4096,float32,eager,rmsnorm,inference,wall,55.29135714285714,56.95948571428572,1542,35,3.00094719
1,32,4096,float32,eager,rmsnorm,inference,gpu_event,50.40685789925712,52.049325534275596,1542,35,3.00094719
0,1,4096,bfloat16,compiled,rmsnorm,backward_retained,wall,253.31781818181818,268.0105454545454,1074,11,3.0013407290000003
0,1,4096,bfloat16,compiled,rmsnorm,backward_retained,gpu_event,233.75127532265404,247.6916367357427,1074,11,3.0013407290000003
0,1,4096,bfloat16,compiled,rmsnorm,full_step,wall,476.63585714285716,506.3745714285714,1000,7,3.355889518999998
0,1,4096,bfloat16,compiled,rmsnorm,full_step,gpu_event,457.06513949802945,485.23429632186884,1000,7,3.355889518999998
0,1,4096,bfloat16,compiled,rmsnorm,inference,wall,77.78196969696971,80.36806363636363,1163,33,3.0005542949999993
0,1,4096,bfloat16,compiled,rmsnorm,inference,gpu_event,74.83927408854167,77.38559824047665,1163,33,3.0005542949999993
0,1,4096,bfloat16,compiled,rmsnorm,training_forward,wall,118.1979375,122.03483333333331,1048,24,3.0006425979999993
0,1,4096,bfloat16,compiled,rmsnorm,training_forward,gpu_event,113.57733607292175,117.34053194522858,1048,24,3.0006425979999993
0,32,8192,bfloat16,eager,rmsnorm,backward_retained,wall,299.6705,328.6151,1000,10,3.0516406930000035
0,32,8192,bfloat16,eager,rmsnorm,backward_retained,gpu_event,275.547194480896,304.04096245765686,1000,10,3.0516406930000035
0,32,8192,bfloat16,eager,rmsnorm,full_step,wall,466.8928571428571,508.4152071428572,1000,7,3.3185814719999973
0,32,8192,bfloat16,eager,rmsnorm,full_step,gpu_event,428.3245631626674,465.3641155787876,1000,7,3.3185814719999973
0,32,8192,bfloat16,eager,rmsnorm,inference,wall,77.656359375,79.80903125,1202,32,3.002238200999998
0,32,8192,bfloat16,eager,rmsnorm,inference,gpu_event,72.29000329971313,74.40000027418137,1202,32,3.002238200999998
0,32,8192,bfloat16,eager,rmsnorm,training_forward,wall,88.4632,90.95856,1125,30,3.0015964839999985
0,32,8192,bfloat16,eager,rmsnorm,training_forward,gpu_event,82.09066390991211,84.50730641682942,1125,30,3.0015964839999985
1,512,8192,float32,eager,layernorm,training_forward,wall,169.5690625,172.3623,1105,16,3.001375692000003
1,512,8192,float32,eager,layernorm,training_forward,gpu_event,158.14200043678284,161.21600568294525,1105,16,3.001375692000003
1,512,8192,float32,eager,layernorm,backward_retained,wall,780.2752499999999,793.17775,1000,4,3.1263567130000043
1,512,8192,float32,eager,layernorm,backward_retained,gpu_event,710.9119892120361,715.2807950973511,1000,4,3.1263567130000043
1,512,8192,float32,eager,layernorm,full_step,wall,1010.0363749999999,1020.9987625,1000,4,4.049783530999996
1,512,8192,float32,eager,layernorm,full_step,gpu_event,939.2560124397278,944.383978843689,1000,4,4.049783530999996
1,512,8192,float32,eager,layernorm,inference,wall,168.75650000000002,170.669,1111,16,3.0014064860000045
1,512,8192,float32,eager,layernorm,inference,gpu_event,158.2079976797104,159.67799723148346,1111,16,3.0014064860000045
0,512,4096,bfloat16,compiled,rmsnorm,backward_retained,wall,263.18724999999995,282.0530791666667,1000,12,3.1659338390000036
0,512,4096,bfloat16,compiled,rmsnorm,backward_retained,gpu_event,245.24799982706705,263.4282658497492,1000,12,3.1659338390000036
0,512,4096,bfloat16,compiled,rmsnorm,full_step,wall,507.19175,553.5873333333333,1000,6,3.0631537290000015
0,512,4096,bfloat16,compiled,rmsnorm,full_step,gpu_event,485.00533898671466,530.2698512872059,1000,6,3.0631537290000015
0,512,4096,bfloat16,compiled,rmsnorm,inference,wall,79.79071875,82.71804374999999,1169,32,3.000010847000001
0,512,4096,bfloat16,compiled,rmsnorm,inference,gpu_event,76.73600316047668,79.52000200748444,1169,32,3.000010847000001
0,512,4096,bfloat16,compiled,rmsnorm,training_forward,wall,120.47378260869564,124.28791304347826,1076,23,3.002240142
0,512,4096,bfloat16,compiled,rmsnorm,training_forward,gpu_event,115.66747789797576,119.229213051174,1076,23,3.002240142
1,1,8192,bfloat16,eager,layernorm,training_forward,wall,109.05008333333332,112.15008333333333,1141,24,3.001293542000004
1,1,8192,bfloat16,eager,layernorm,training_forward,gpu_event,101.33333007494609,104.14933164914449,1141,24,3.001293542000004
1,1,8192,bfloat16,eager,layernorm,backward_retained,wall,337.7885,365.9068888888889,1000,9,3.085324450999999
1,1,8192,bfloat16,eager,layernorm,backward_retained,gpu_event,310.0213342242771,336.0291666454738,1000,9,3.085324450999999
1,1,8192,bfloat16,eager,layernorm,full_step,wall,525.1174166666667,570.2641666666667,1000,6,3.1972427720000027
1,1,8192,bfloat16,eager,layernorm,full_step,gpu_event,492.53068367640174,536.7146511872609,1000,6,3.1972427720000027
1,1,8192,bfloat16,eager,layernorm,inference,wall,94.06472222222222,96.87607407407407,1176,27,3.001263243999999
1,1,8192,bfloat16,eager,layernorm,inference,gpu_event,87.87555606276901,90.6432624216433,1176,27,3.001263243999999
1,1,4096,float32,compiled,layernorm,training_forward,wall,119.62160869565217,123.08073913043478,1085,23,3.0007871019999977
1,1,4096,float32,compiled,layernorm,training_forward,gpu_event,114.77704670118248,118.15818911013396,1085,23,3.0007871019999977
1,1,4096,float32,compiled,layernorm,backward_retained,wall,242.01700000000002,260.0837166666667,1029,12,3.001013832999998
1,1,4096,float32,compiled,layernorm,backward_retained,gpu_event,225.53600867589316,242.67679452896115,1029,12,3.001013832999998
1,1,4096,float32,compiled,layernorm,full_step,wall,446.03535714285715,480.26099999999997,1000,7,3.1449413390000007
1,1,4096,float32,compiled,layernorm,full_step,gpu_event,426.56915528433666,459.78330714362005,1000,7,3.1449413390000007
1,1,4096,float32,compiled,layernorm,inference,wall,79.81827272727273,90.05814545454545,1115,33,3.0006312099999968
1,1,4096,float32,compiled,layernorm,inference,gpu_event,76.83103012316155,86.98104005871396,1115,33,3.0006312099999968
0,1,4096,float32,eager,layernorm,backward_retained,wall,288.1598,310.31980000000004,1027,10,3.0022840389999983
0,1,4096,float32,eager,layernorm,backward_retained,gpu_event,263.86239528656006,285.0201606750488,1027,10,3.0022840389999983
0,1,4096,float32,eager,layernorm,full_step,wall,425.3997857142857,463.8838571428571,1000,7,3.0272645029999983
0,1,4096,float32,eager,layernorm,full_step,gpu_event,389.6891389574323,427.7451310838972,1000,7,3.0272645029999983
0,1,4096,float32,eager,layernorm,inference,wall,70.2060303030303,72.09513939393939,1289,33,3.0012755620000005
0,1,4096,float32,eager,layernorm,inference,gpu_event,65.62909212979403,67.47849782307942,1289,33,3.0012755620000005
0,1,4096,float32,eager,layernorm,training_forward,wall,79.14239393939394,81.45436363636362,1142,33,3.0009161739999968
0,1,4096,float32,eager,layernorm,training_forward,gpu_event,74.22400243354566,76.51917320309263,1142,33,3.0009161739999968
0,1,1024,float32,native,rmsnorm,backward_retained,wall,142.867325,153.14711250000002,1048,20,3.0004456770000028
0,1,1024,float32,native,rmsnorm,backward_retained,gpu_event,115.0551974773407,123.83232116699219,1048,20,3.0004456770000028
0,1,1024,float32,native,rmsnorm,full_step,wall,200.52693333333335,213.13413333333332,1000,15,3.0411653510000014
0,1,1024,float32,native,rmsnorm,full_step,gpu_event,167.5264040629069,180.99583546320594,1000,15,3.0411653510000014
0,1,1024,float32,native,rmsnorm,inference,wall,12.618909909909911,13.044495495495495,2127,111,3.0005297289999935
0,1,1024,float32,native,rmsnorm,inference,gpu_event,10.212324761055612,10.618234539891148,2127,111,3.0005297289999935
0,1,1024,float32,native,rmsnorm,training_forward,wall,12.422763636363635,12.847309090909091,2181,110,3.000864304000001
0,1,1024,float32,native,rmsnorm,training_forward,gpu_event,10.02589139071378,10.416872934861617,2181,110,3.000864304000001
1,4096,8192,float32,native,rmsnorm,training_forward,wall,776.6745000000001,782.00075,1000,4,3.1102268939999984
1,4096,8192,float32,native,rmsnorm,training_forward,gpu_event,744.4480061531067,747.0080256462097,1000,4,3.1102268939999984
1,4096,8192,float32,native,rmsnorm,backward_retained,wall,2623.44825,2654.8199,1000,2,5.255538849000005
1,4096,8192,float32,native,rmsnorm,backward_retained,gpu_event,2430.975914001465,2436.09915971756,1000,2,5.255538849000005
1,4096,8192,float32,native,rmsnorm,full_step,wall,4689.0995,4734.969950000001,1000,1,4.695189238999996
1,4096,8192,float32,native,rmsnorm,full_step,gpu_event,4385.791778564453,4397.056102752686,1000,1,4.695189238999996
1,4096,8192,float32,native,rmsnorm,inference,wall,776.3745,781.9315,1000,4,3.1091281659999974
1,4096,8192,float32,native,rmsnorm,inference,gpu_event,744.704008102417,747.3048210144043,1000,4,3.1091281659999974
0,4096,1024,bfloat16,eager,rmsnorm,backward_retained,wall,771.7495,785.5832499999999,1000,4,3.0893882850000023
0,4096,1024,bfloat16,eager,rmsnorm,backward_retained,gpu_event,697.6000070571899,702.7199864387512,1000,4,3.0893882850000023
0,4096,1024,bfloat16,eager,rmsnorm,full_step,wall,1044.7326666666665,1059.8859833333333,1000,3,3.1445514109999966
0,4096,1024,bfloat16,eager,rmsnorm,full_step,gpu_event,948.5653241475424,953.4187038739522,1000,3,3.1445514109999966
0,4096,1024,bfloat16,eager,rmsnorm,inference,wall,167.969,169.7990625,1115,16,3.0025483879999992
0,4096,1024,bfloat16,eager,rmsnorm,inference,gpu_event,156.67200088500977,157.7611967921257,1115,16,3.0025483879999992
0,4096,1024,bfloat16,eager,rmsnorm,training_forward,wall,169.224875,171.5974625,1105,16,3.0010248849999983
0,4096,1024,bfloat16,eager,rmsnorm,training_forward,gpu_event,156.73600137233734,158.00319612026215,1105,16,3.0010248849999983
0,32,1024,float32,native,rmsnorm,backward_retained,wall,133.05228571428572,148.9790857142857,1049,21,3.0000101650000004
0,32,1024,float32,native,rmsnorm,backward_retained,gpu_event,107.85066513788132,121.95260865347724,1049,21,3.0000101650000004
0,32,1024,float32,native,rmsnorm,full_step,wall,197.0802666666667,213.47633333333332,1005,15,3.0006833280000023
0,32,1024,float32,native,rmsnorm,full_step,gpu_event,165.77067375183105,179.9236297607422,1005,15,3.0006833280000023
0,32,1024,float32,native,rmsnorm,inference,wall,12.12499074074074,12.582685185185184,2275,108,3.000324972
0,32,1024,float32,native,rmsnorm,inference,gpu_event,9.728000119880393,10.147673995406537,2275,108,3.000324972
0,32,1024,float32,native,rmsnorm,training_forward,wall,11.977446078431372,12.461029411764706,2436,102,3.000577178000002
0,32,1024,float32,native,rmsnorm,training_forward,gpu_event,9.466980602227006,9.902588000484542,2436,102,3.000577178000002
1,4096,4096,float32,eager,layernorm,training_forward,wall,1564.72625,1581.8035,1000,2,3.1371765220000007
1,4096,4096,float32,eager,layernorm,training_forward,gpu_event,1477.6159524917603,1483.2639694213867,1000,2,3.1371765220000007
1,4096,4096,float32,eager,layernorm,backward_retained,wall,5420.2965,5470.901000000001,1000,1,5.431282617000001
1,4096,4096,float32,eager,layernorm,backward_retained,gpu_event,5128.191947937012,5138.432025909424,1000,1,5.431282617000001
1,4096,4096,float32,eager,layernorm,full_step,wall,7479.8555,7519.71045,1000,1,7.485392507
1,4096,4096,float32,eager,layernorm,full_step,gpu_event,7189.504146575928,7205.887794494629,1000,1,7.485392507
1,4096,4096,float32,eager,layernorm,inference,wall,1559.401,1572.9589999999998,1000,2,3.1231978750000033
1,4096,4096,float32,eager,layernorm,inference,gpu_event,1477.5999784469604,1483.248794078827,1000,2,3.1231978750000033
1,1,4096,float32,eager,layernorm,training_forward,wall,81.00309375,82.96681249999999,1153,32,3.0013356639999973
1,1,4096,float32,eager,layernorm,training_forward,gpu_event,75.81599801778793,77.7292013168335,1153,32,3.0013356639999973
1,1,4096,float32,eager,layernorm,backward_retained,wall,290.4498,317.3258,1017,10,3.0008809040000033
1,1,4096,float32,eager,layernorm,backward_retained,gpu_event,265.9327983856201,290.8780765533447,1017,10,3.0008809040000033
1,1,4096,float32,eager,layernorm,full_step,wall,429.73557142857146,463.0468642857142,1000,7,3.054336855000001
1,1,4096,float32,eager,layernorm,full_step,gpu_event,393.6548573630197,425.84389277866904,1000,7,3.054336855000001
1,1,4096,float32,eager,layernorm,inference,wall,70.354125,72.25219444444444,1178,36,3.000129897999999
1,1,4096,float32,eager,layernorm,inference,gpu_event,66.16311271985373,68.0996020634969,1178,36,3.000129897999999
0,4096,8192,bfloat16,eager,layernorm,backward_retained,wall,11993.191,12049.90695,1000,1,12.003374357000004
0,4096,8192,bfloat16,eager,layernorm,backward_retained,gpu_event,11688.960075378418,11707.391738891602,1000,1,12.003374357000004
0,4096,8192,bfloat16,eager,layernorm,full_step,wall,17973.7435,18046.749399999997,1000,1,17.983287328000007
0,4096,8192,bfloat16,eager,layernorm,full_step,gpu_event,17754.112243652344,17784.832000732422,1000,1,17.983287328000007
0,4096,8192,bfloat16,eager,layernorm,inference,wall,4117.499,4143.409900000001,1000,1,4.1218511909999975
0,4096,8192,bfloat16,eager,layernorm,inference,gpu_event,3945.4240798950195,3952.6480555534363,1000,1,4.1218511909999975
0,4096,8192,bfloat16,eager,layernorm,training_forward,wall,4133.7985,4161.1149000000005,1000,1,4.140454689999996
0,4096,8192,bfloat16,eager,layernorm,training_forward,gpu_event,3945.2478885650635,3953.664064407348,1000,1,4.140454689999996
1,32,1024,float32,eager,layernorm,training_forward,wall,82.142,84.81125806451614,1171,31,3.0000539359999987
1,32,1024,float32,eager,layernorm,training_forward,gpu_event,76.70916280438823,79.33832368543071,1171,31,3.0000539359999987
1,32,1024,float32,eager,layernorm,backward_retained,wall,287.53640909090905,311.91789545454543,1000,11,3.2102141889999993
1,32,1024,float32,eager,layernorm,backward_retained,gpu_event,266.1003632978959,288.982098752802,1000,11,3.2102141889999993
1,32,1024,float32,eager,layernorm,full_step,wall,428.76407142857147,467.88114285714283,1000,7,3.052293034999999
1,32,1024,float32,eager,layernorm,full_step,gpu_event,392.6308495657785,428.91702481678556,1000,7,3.052293034999999
1,32,1024,float32,eager,layernorm,inference,wall,71.70715714285714,73.75997142857143,1188,35,3.0018756819999983
1,32,1024,float32,eager,layernorm,inference,gpu_event,67.32617105756488,69.2247758592878,1188,35,3.0018756819999983
0,512,1024,bfloat16,native,rmsnorm,backward_retained,wall,154.35288235294118,166.39417647058826,1131,17,3.0013109170000054
0,512,1024,bfloat16,native,rmsnorm,backward_retained,gpu_event,121.06164763955509,130.65129869124468,1131,17,3.0013109170000054
0,512,1024,bfloat16,native,rmsnorm,full_step,wall,240.5076153846154,260.0017730769231,1000,13,3.1750699799999995
0,512,1024,bfloat16,native,rmsnorm,full_step,gpu_event,211.49907662318304,229.50830276195813,1000,13,3.1750699799999995
0,512,1024,bfloat16,native,rmsnorm,inference,wall,12.217152380952383,12.699009523809522,2322,105,3.000227686999998
0,512,1024,bfloat16,native,rmsnorm,inference,gpu_event,9.742628960382369,10.170179491951352,2322,105,3.000227686999998
0,512,1024,bfloat16,native,rmsnorm,training_forward,wall,12.42008878504673,12.878512616822428,2244,107,3.001212996
0,512,1024,bfloat16,native,rmsnorm,training_forward,gpu_event,9.960972260091907,10.383551365861269,2244,107,3.001212996
0,512,1024,bfloat16,eager,layernorm,backward_retained,wall,336.3332222222222,364.0204444444445,1000,9,3.0728532350000037
0,512,1024,bfloat16,eager,layernorm,backward_retained,gpu_event,309.58933300442163,335.7752760251363,1000,9,3.0728532350000037
0,512,1024,bfloat16,eager,layernorm,full_step,wall,534.9253333333334,582.9753333333333,1000,6,3.2599299150000003
0,512,1024,bfloat16,eager,layernorm,full_step,gpu_event,501.9306739171346,549.3845442930857,1000,6,3.2599299150000003
0,512,1024,bfloat16,eager,layernorm,inference,wall,95.95922222222222,98.66051851851851,1152,27,3.000620470999996
0,512,1024,bfloat16,eager,layernorm,inference,gpu_event,89.80740441216363,92.42417724044235,1152,27,3.000620470999996
0,512,1024,bfloat16,eager,layernorm,training_forward,wall,108.963,111.73104347826087,1192,23,3.002030662000006
0,512,1024,bfloat16,eager,layernorm,training_forward,gpu_event,101.06435029403023,103.83415895959605,1192,23,3.002030662000006
0,4096,8192,bfloat16,compiled,rmsnorm,backward_retained,wall,1884.7495,1905.601525,1000,2,3.776246797000002
0,4096,8192,bfloat16,compiled,rmsnorm,backward_retained,gpu_event,1765.4160261154175,1773.0560302734375,1000,2,3.776246797000002
0,4096,8192,bfloat16,compiled,rmsnorm,full_step,wall,4622.8495,4680.633999999999,1000,1,4.630652244999998
0,4096,8192,bfloat16,compiled,rmsnorm,full_step,gpu_event,4475.9039878845215,4520.078325271606,1000,1,4.630652244999998
0,4096,8192,bfloat16,compiled,rmsnorm,inference,wall,340.3275555555556,344.4709666666667,1000,9,3.0673163089999993
0,4096,8192,bfloat16,compiled,rmsnorm,inference,gpu_event,327.90222432878284,331.0865680376689,1000,9,3.0673163089999993
0,4096,8192,bfloat16,compiled,rmsnorm,training_forward,wall,347.03355555555555,351.75444444444446,1000,9,3.1370931410000003
0,4096,8192,bfloat16,compiled,rmsnorm,training_forward,gpu_event,332.7999909718831,336.6684383816189,1000,9,3.1370931410000003
1,512,1024,float32,compiled,layernorm,training_forward,wall,123.49285714285715,127.91997380952381,1150,21,3.000405404999998
1,512,1024,float32,compiled,layernorm,training_forward,gpu_event,118.270476659139,122.37180812018258,1150,21,3.000405404999998
1,512,1024,float32,compiled,layernorm,backward_retained,wall,253.36670833333335,272.06425,1000,12,3.056442608999997
1,512,1024,float32,compiled,layernorm,backward_retained,gpu_event,236.7146611213684,254.7285258769989,1000,12,3.056442608999997
1,512,1024,float32,compiled,layernorm,full_step,wall,461.5929285714286,489.4424071428571,1000,7,3.249773096999992
1,512,1024,float32,compiled,layernorm,full_step,gpu_event,442.3611334392002,470.17691816602434,1000,7,3.249773096999992
1,512,1024,float32,compiled,layernorm,inference,wall,78.92421212121212,82.02903333333333,1143,33,3.000972707000004
1,512,1024,float32,compiled,layernorm,inference,gpu_event,75.96218224727747,79.1241725285848,1143,33,3.000972707000004
0,1,8192,float32,native,rmsnorm,backward_retained,wall,136.7526315789474,151.69473684210524,1129,19,3.000843670999993
0,1,8192,float32,native,rmsnorm,backward_retained,gpu_event,108.39073281539113,122.1281653956363,1129,19,3.000843670999993
0,1,8192,float32,native,rmsnorm,full_step,wall,199.9533,218.17420666666666,1000,15,3.0395834919999984
0,1,8192,float32,native,rmsnorm,full_step,gpu_event,168.4757312138875,184.9617004394531,1000,15,3.0395834919999984
0,1,8192,float32,native,rmsnorm,inference,wall,11.981867647058822,12.453913235294118,2438,102,3.000386244999995
0,1,8192,float32,native,rmsnorm,inference,gpu_event,9.517333378978805,9.93882324181351,2438,102,3.000386244999995
0,1,8192,float32,native,rmsnorm,training_forward,wall,12.214423076923076,12.644951923076924,2346,104,3.000934084000003
0,1,8192,float32,native,rmsnorm,training_forward,gpu_event,9.756922721862793,10.142154418505156,2346,104,3.000934084000003
1,512,4096,bfloat16,native,rmsnorm,training_forward,wall,13.014621951219514,13.555243902439024,2788,82,3.000581534999998
1,512,4096,bfloat16,native,rmsnorm,training_forward,gpu_event,9.91531697715201,10.43518065679364,2788,82,3.000581534999998
1,512,4096,bfloat16,native,rmsnorm,backward_retained,wall,153.5638888888889,166.85803055555553,1072,18,3.0008888410000027
1,512,4096,bfloat16,native,rmsnorm,backward_retained,gpu_event,122.59556187523737,134.65600543551975,1072,18,3.0008888410000027
1,512,4096,bfloat16,native,rmsnorm,full_step,wall,242.78333333333333,262.7249166666667,1013,12,3.000499499999998
1,512,4096,bfloat16,native,rmsnorm,full_step,gpu_event,211.8826707204183,231.1168034871419,1013,12,3.000499499999998
1,512,4096,bfloat16,native,rmsnorm,inference,wall,12.89555,13.398888888888889,2564,90,3.000952393999998
1,512,4096,bfloat16,native,rmsnorm,inference,gpu_event,10.069333182440865,10.545564525657229,2564,90,3.000952393999998
0,32,8192,bfloat16,compiled,rmsnorm,backward_retained,wall,259.5207916666667,282.8178333333333,1000,12,3.1391675599999975
0,32,8192,bfloat16,compiled,rmsnorm,backward_retained,gpu_event,241.49332443873087,262.8351946671804,1000,12,3.1391675599999975
0,32,8192,bfloat16,compiled,rmsnorm,full_step,wall,484.1570714285714,515.3184428571428,1000,7,3.404759465
0,32,8192,bfloat16,compiled,rmsnorm,full_step,gpu_event,465.0422845567976,495.6287928989955,1000,7,3.404759465
0,32,8192,bfloat16,compiled,rmsnorm,inference,wall,79.25940625,82.411875,1175,32,3.0006931769999987
0,32,8192,bfloat16,compiled,rmsnorm,inference,gpu_event,76.1990025639534,79.10690233111382,1175,32,3.0006931769999987
0,32,8192,bfloat16,compiled,rmsnorm,training_forward,wall,121.37497727272728,124.85587045454545,1118,22,3.001171725000002
0,32,8192,bfloat16,compiled,rmsnorm,training_forward,gpu_event,116.41017957167192,119.67403780330311,1118,22,3.001171725000002
0,1,1024,bfloat16,native,rmsnorm,backward_retained,wall,152.85588235294114,164.0705882352941,1140,17,3.0001841379999994
0,1,1024,bfloat16,native,rmsnorm,backward_retained,gpu_event,119.87106239094454,130.22870175978716,1140,17,3.0001841379999994
0,1,1024,bfloat16,native,rmsnorm,full_step,wall,232.48453846153845,250.45768846153845,1000,13,3.0665696339999973
0,1,1024,bfloat16,native,rmsnorm,full_step,gpu_event,204.4061514047476,220.98276431743912,1000,13,3.0665696339999973
0,1,1024,bfloat16,native,rmsnorm,inference,wall,12.315103773584907,12.77339716981132,2283,106,3.000388787000001
0,1,1024,bfloat16,native,rmsnorm,inference,gpu_event,9.83426368461465,10.285162363412246,2283,106,3.000388787000001
0,1,1024,bfloat16,native,rmsnorm,training_forward,wall,12.259223300970874,12.726213592233009,2359,103,3.0003364860000055
0,1,1024,bfloat16,native,rmsnorm,training_forward,gpu_event,9.723029090362845,10.130640372489262,2359,103,3.0003364860000055
1,32,8192,bfloat16,eager,rmsnorm,training_forward,wall,89.69220689655172,91.79961034482758,1147,29,3.001454073999998
1,32,8192,bfloat16,eager,rmsnorm,training_forward,gpu_event,83.04993037519783,85.20772292696196,1147,29,3.001454073999998
1,32,8192,bfloat16,eager,rmsnorm,backward_retained,wall,299.37235,324.155885,1000,10,3.039422112000001
1,32,8192,bfloat16,eager,rmsnorm,backward_retained,gpu_event,275.45119524002075,298.9158499240875,1000,10,3.039422112000001
1,32,8192,bfloat16,eager,rmsnorm,full_step,wall,466.7266428571429,502.8074357142857,1000,7,3.3171251750000006
1,32,8192,bfloat16,eager,rmsnorm,full_step,gpu_event,428.03198950631275,461.09257425580705,1000,7,3.3171251750000006
1,32,8192,bfloat16,eager,rmsnorm,inference,wall,79.17518333333334,81.32229500000001,1258,30,3.002387923000001
1,32,8192,bfloat16,eager,rmsnorm,inference,gpu_event,73.35253556569417,75.40565530459087,1258,30,3.002387923000001
1,32,4096,float32,native,rmsnorm,training_forward,wall,12.175524509803921,12.629647549019607,2400,102,3.0007214739999997
1,32,4096,float32,native,rmsnorm,training_forward,gpu_event,9.637646815356087,10.079372162912406,2400,102,3.0007214739999997
1,32,4096,float32,native,rmsnorm,backward_retained,wall,135.9093947368421,151.0162105263158,1142,19,3.0025568560000013
1,32,4096,float32,native,rmsnorm,backward_retained,gpu_event,107.52000306781969,121.8452202646356,1142,19,3.0025568560000013
1,32,4096,float32,native,rmsnorm,full_step,wall,205.04116666666667,222.93165666666667,1000,15,3.1199109919999986
1,32,4096,float32,native,rmsnorm,full_step,gpu_event,173.53386878967285,189.18260971705118,1000,15,3.1199109919999986
1,32,4096,float32,native,rmsnorm,inference,wall,12.316759615384617,12.775826923076924,2327,104,3.0000012740000015
1,32,4096,float32,native,rmsnorm,inference,gpu_event,9.795384911390451,10.24913856616387,2327,104,3.0000012740000015
0,32,1024,float32,eager,layernorm,backward_retained,wall,286.4091818181818,311.10890454545455,1000,11,3.2003678420000017
0,32,1024,float32,eager,layernorm,backward_retained,gpu_event,265.2160037647594,288.40495239604604,1000,11,3.2003678420000017
0,32,1024,float32,eager,layernorm,full_step,wall,427.4502857142857,464.29289285714276,1000,7,3.0442517670000004
0,32,1024,float32,eager,layernorm,full_step,gpu_event,391.46055494035994,427.57578577314104,1000,7,3.0442517670000004
0,32,1024,float32,eager,layernorm,inference,wall,70.77402777777777,72.88093055555555,1171,36,3.001197655000002
0,32,1024,float32,eager,layernorm,inference,gpu_event,66.55999686982896,68.62266527281867,1171,36,3.001197655000002
0,32,1024,float32,eager,layernorm,training_forward,wall,80.43940624999999,82.56750000000001,1161,32,3.0014582229999967
0,32,1024,float32,eager,layernorm,training_forward,gpu_event,75.29599964618683,77.24499702453613,1161,32,3.0014582229999967
0,4096,8192,float32,compiled,rmsnorm,backward_retained,wall,2158.6695,2176.223425,1000,2,4.322524241000001
0,4096,8192,float32,compiled,rmsnorm,backward_retained,gpu_event,2050.5599975585938,2055.66486120224,1000,2,4.322524241000001
0,4096,8192,float32,compiled,rmsnorm,full_step,wall,4261.612499999999,4300.089199999999,1000,1,4.267253431999998
0,4096,8192,float32,compiled,rmsnorm,full_step,gpu_event,4120.575904846191,4153.513550758362,1000,1,4.267253431999998
0,4096,8192,float32,compiled,rmsnorm,inference,wall,662.4408999999999,669.5723700000001,1000,5,3.3169898529999995
0,4096,8192,float32,compiled,rmsnorm,inference,gpu_event,640.2048110961914,645.3248023986816,1000,5,3.3169898529999995
0,4096,8192,float32,compiled,rmsnorm,training_forward,wall,673.6419,682.4742,1000,5,3.3794422899999987
0,4096,8192,float32,compiled,rmsnorm,training_forward,gpu_event,648.748779296875,654.7455787658691,1000,5,3.3794422899999987
1,1,8192,bfloat16,compiled,layernorm,training_forward,wall,120.91158695652175,125.0599847826087,1074,23,3.0014710200000025
1,1,8192,bfloat16,compiled,layernorm,training_forward,gpu_event,116.02365452310313,120.02608931582907,1074,23,3.0014710200000025
1,1,8192,bfloat16,compiled,layernorm,backward_retained,wall,255.66345833333332,270.47442083333334,1000,12,3.078309193999993
1,1,8192,bfloat16,compiled,layernorm,backward_retained,gpu_event,237.78133591016132,251.57453020413715,1000,12,3.078309193999993
1,1,8192,bfloat16,compiled,layernorm,full_step,wall,475.991,506.9646666666667,1045,6,3.0019105350000004
1,1,8192,bfloat16,compiled,layernorm,full_step,gpu_event,453.6319971084595,484.2837254206339,1045,6,3.0019105350000004
1,1,8192,bfloat16,compiled,layernorm,inference,wall,77.90199999999999,81.21814411764704,1123,34,3.0008700770000014
1,1,8192,bfloat16,compiled,layernorm,inference,gpu_event,75.02964664908016,78.14804666182575,1123,34,3.0008700770000014
1,1,1024,float32,eager,layernorm,training_forward,wall,81.16453333333334,83.06793333333333,1227,30,3.0011841440000038
1,1,1024,float32,eager,layernorm,training_forward,gpu_event,75.6714661916097,77.60896285374959,1227,30,3.0011841440000038
1,1,1024,float32,eager,layernorm,backward_retained,wall,288.30572727272727,310.0236818181818,1000,11,3.214047166000001
1,1,1024,float32,eager,layernorm,backward_retained,gpu_event,266.4261731234464,287.6602194525979,1000,11,3.214047166000001
1,1,1024,float32,eager,layernorm,full_step,wall,428.7005714285714,466.82304999999997,1000,7,3.047698524999998
1,1,1024,float32,eager,layernorm,full_step,gpu_event,392.6308495657785,427.9149600437709,1000,7,3.047698524999998
1,1,1024,float32,eager,layernorm,inference,wall,69.97877777777778,71.95105555555556,1185,36,3.001616977
1,1,1024,float32,eager,layernorm,inference,gpu_event,65.82044230567084,67.6693320274353,1185,36,3.001616977
0,1,8192,bfloat16,native,layernorm,backward_retained,wall,152.16775,165.68988611111112,1082,18,3.0019872029999988
0,1,8192,bfloat16,native,layernorm,backward_retained,gpu_event,121.17332882351346,133.10524423917136,1082,18,3.0019872029999988
0,1,8192,bfloat16,native,layernorm,full_step,wall,229.9841923076923,248.76784999999998,1000,13,3.039646942000001
0,1,8192,bfloat16,native,layernorm,full_step,gpu_event,202.35815415015588,219.84886664610642,1000,13,3.039646942000001
0,1,8192,bfloat16,native,layernorm,inference,wall,13.343904761904762,13.860072023809524,2652,84,3.0007616730000004
0,1,8192,bfloat16,native,layernorm,inference,gpu_event,10.239999918710618,10.715428562391372,2652,84,3.0007616730000004
0,1,8192,bfloat16,native,layernorm,training_forward,wall,13.155057291666665,13.605063020833335,2360,96,3.0002629440000037
0,1,8192,bfloat16,native,layernorm,training_forward,gpu_event,10.464000205198925,10.869332899649939,2360,96,3.0002629440000037
1,1,4096,bfloat16,compiled,rmsnorm,training_forward,wall,118.30973913043479,122.12773260869565,1098,23,3.0024488999999988
1,1,4096,bfloat16,compiled,rmsnorm,training_forward,gpu_event,113.52904464887536,117.18873148379119,1098,23,3.0024488999999988
1,1,4096,bfloat16,compiled,rmsnorm,backward_retained,wall,250.2519090909091,266.5862727272727,1087,11,3.0002502620000007
1,1,4096,bfloat16,compiled,rmsnorm,backward_retained,gpu_event,230.86545684120873,246.56988273967397,1087,11,3.0002502620000007
1,1,4096,bfloat16,compiled,rmsnorm,full_step,wall,469.32757142857145,494.56972142857137,1000,7,3.295306970000003
1,1,4096,bfloat16,compiled,rmsnorm,full_step,gpu_event,450.2514260155814,474.8507482664926,1000,7,3.295306970000003
1,1,4096,bfloat16,compiled,rmsnorm,inference,wall,78.99318181818182,81.93312121212122,1145,33,3.0019552879999982
1,1,4096,bfloat16,compiled,rmsnorm,inference,gpu_event,76.02424332589814,78.73803341027461,1145,33,3.0019552879999982
0,32,1024,float32,eager,rmsnorm,backward_retained,wall,252.4127916666667,271.31465833333334,1000,12,3.053593350999999
0,32,1024,float32,eager,rmsnorm,backward_retained,gpu_event,232.1066657702128,249.25612807273865,1000,12,3.053593350999999
0,32,1024,float32,eager,rmsnorm,full_step,wall,363.23938888888887,403.355911111111,1000,9,3.332772611
0,32,1024,float32,eager,rmsnorm,full_step,gpu_event,335.64445707533093,373.2584953308105,1000,9,3.332772611
0,32,1024,float32,eager,rmsnorm,inference,wall,52.72898888888889,54.221000000000004,1258,45,3.0019855409999945
0,32,1024,float32,eager,rmsnorm,inference,gpu_event,48.97351264953613,50.54072750939263,1258,45,3.0019855409999945
0,32,1024,float32,eager,rmsnorm,training_forward,wall,61.435674999999996,69.574225,1190,40,3.000551978
0,32,1024,float32,eager,rmsnorm,training_forward,gpu_event,56.7296028137207,64.14207965135571,1190,40,3.000551978
0,4096,8192,float32,eager,layernorm,backward_retained,wall,10633.903999999999,10682.63385,1000,1,10.64168265400001
0,4096,8192,float32,eager,layernorm,backward_retained,gpu_event,10331.135749816895,10347.519874572754,1000,1,10.64168265400001
0,4096,8192,float32,eager,layernorm,full_step,wall,14864.4715,14933.343949999999,1000,1,14.875468982999987
0,4096,8192,float32,eager,layernorm,full_step,gpu_event,14565.376281738281,14584.832191467285,1000,1,14.875468982999987
0,4096,8192,float32,eager,layernorm,inference,wall,3173.833,3196.853,1000,1,3.177515447999997
0,4096,8192,float32,eager,layernorm,inference,gpu_event,3029.1199684143066,3036.1599922180176,1000,1,3.177515447999997
0,4096,8192,float32,eager,layernorm,training_forward,wall,3186.0735000000004,3211.37795,1000,1,3.189725795999998
0,4096,8192,float32,eager,layernorm,training_forward,gpu_event,3029.072046279907,3036.0655188560486,1000,1,3.189725795999998
0,1,4096,bfloat16,eager,rmsnorm,backward_retained,wall,293.9674,321.9115,1003,10,3.000701815000003
0,1,4096,bfloat16,eager,rmsnorm,backward_retained,gpu_event,269.10719871520996,295.42208671569824,1003,10,3.000701815000003
0,1,4096,bfloat16,eager,rmsnorm,full_step,wall,457.34342857142855,492.0711357142856,1000,7,3.2489054020000006
0,1,4096,bfloat16,eager,rmsnorm,full_step,gpu_event,419.83999524797713,453.4756660461425,1000,7,3.2489054020000006
0,1,4096,bfloat16,eager,rmsnorm,inference,wall,77.43840624999999,79.7486046875,1204,32,3.001175728999997
0,1,4096,bfloat16,eager,rmsnorm,inference,gpu_event,71.84000313282013,74.1391982883215,1204,32,3.001175728999997
0,1,4096,bfloat16,eager,rmsnorm,training_forward,wall,87.6045,89.85804285714286,1217,28,3.0016303409999994
0,1,4096,bfloat16,eager,rmsnorm,training_forward,gpu_event,80.60113872800555,82.90857246943882,1217,28,3.0016303409999994
1,1,8192,float32,compiled,layernorm,training_forward,wall,122.26254545454546,126.02687727272728,1110,22,3.001751075999999
1,1,8192,float32,compiled,layernorm,training_forward,gpu_event,117.16654083945535,120.81105329773642,1110,22,3.001751075999999
1,1,8192,float32,compiled,layernorm,backward_retained,wall,245.72892307692308,265.3753846153846,1000,13,3.212091955000005
1,1,8192,float32,compiled,layernorm,backward_retained,gpu_event,230.08491442753717,249.54423904418945,1000,13,3.212091955000005
1,1,8192,float32,compiled,layernorm,full_step,wall,448.12171428571435,476.5898714285713,1000,7,3.1534225550000063
1,1,8192,float32,compiled,layernorm,full_step,gpu_event,428.9028474262783,457.59954793112615,1000,7,3.1534225550000063
1,1,8192,float32,compiled,layernorm,inference,wall,78.86820312500001,83.03999843749999,1174,32,3.000383671
1,1,8192,float32,compiled,layernorm,inference,gpu_event,75.87099820375443,79.75380346179008,1174,32,3.000383671
1,1,4096,float32,compiled,rmsnorm,training_forward,wall,116.43397826086957,121.3781304347826,1110,23,3.0016201649999994
1,1,4096,float32,compiled,rmsnorm,training_forward,gpu_event,111.677216446918,116.40431258989418,1110,23,3.0016201649999994
1,1,4096,float32,compiled,rmsnorm,backward_retained,wall,239.9405,257.43599615384613,1000,13,3.1377940830000024
1,1,4096,float32,compiled,rmsnorm,backward_retained,gpu_event,224.49231147766113,241.1318173775306,1000,13,3.1377940830000024
1,1,4096,float32,compiled,rmsnorm,full_step,wall,438.1288571428571,466.43699999999995,1000,7,3.080368887999999
1,1,4096,float32,compiled,rmsnorm,full_step,gpu_event,419.47427817753385,446.776921408517,1000,7,3.080368887999999
1,1,4096,float32,compiled,rmsnorm,inference,wall,77.70969696969698,80.69639393939394,1161,33,3.0025173179999998
1,1,4096,float32,compiled,rmsnorm,inference,gpu_event,74.81405951760031,77.63781692042495,1161,33,3.0025173179999998
1,1,1024,bfloat16,eager,rmsnorm,training_forward,wall,86.25307142857142,88.86292857142857,1235,28,3.0006657629999993
1,1,1024,bfloat16,eager,rmsnorm,training_forward,gpu_event,79.28685631070819,81.88902991158622,1235,28,3.0006657629999993
1,1,1024,bfloat16,eager,rmsnorm,backward_retained,wall,295.2682,316.6005,1006,10,3.0026112189999967
1,1,1024,bfloat16,eager,rmsnorm,backward_retained,gpu_event,270.64160108566284,291.0975992679596,1006,10,3.0026112189999967
1,1,1024,bfloat16,eager,rmsnorm,full_step,wall,453.3034285714285,490.6101428571428,1000,7,3.2193917470000026
1,1,1024,bfloat16,eager,rmsnorm,full_step,gpu_event,416.05257987976074,452.6086909430368,1000,7,3.2193917470000026
1,1,1024,bfloat16,eager,rmsnorm,inference,wall,77.27933333333333,79.33284848484848,1171,33,3.0014537070000014
1,1,1024,bfloat16,eager,rmsnorm,inference,gpu_event,71.86617995753433,73.7619400024414,1171,33,3.0014537070000014
0,4096,4096,float32,compiled,layernorm,backward_retained,wall,1067.1578333333332,1084.2546666666665,1000,3,3.2100161229999964
0,4096,4096,float32,compiled,layernorm,backward_retained,gpu_event,994.2666689554851,1004.202683766683,1000,3,3.2100161229999964
0,4096,4096,float32,compiled,layernorm,full_step,wall,2090.92675,2114.4980499999997,1000,2,4.186862482999995
0,4096,4096,float32,compiled,layernorm,full_step,gpu_event,2019.3281173706052,2039.2959117889404,1000,2,4.186862482999995
0,4096,4096,float32,compiled,layernorm,inference,wall,340.7835,344.7264388888888,1000,9,3.080017470000003
0,4096,4096,float32,compiled,layernorm,inference,gpu_event,328.362676832411,331.4403626653883,1000,9,3.080017470000003
0,4096,4096,float32,compiled,layernorm,training_forward,wall,346.2224444444445,350.4144388888889,1000,9,3.1212774850000002
0,4096,4096,float32,compiled,layernorm,training_forward,gpu_event,332.7999909718831,336.4131662580702,1000,9,3.1212774850000002
0,1,4096,float32,native,rmsnorm,backward_retained,wall,137.43257894736843,152.77626315789473,1124,19,3.0004066859999963
0,1,4096,float32,native,rmsnorm,backward_retained,gpu_event,108.78315724824604,123.33221184579948,1124,19,3.0004066859999963
0,1,4096,float32,native,rmsnorm,full_step,wall,198.5847,213.89286333333328,1000,15,3.0162110920000016
0,1,4096,float32,native,rmsnorm,full_step,gpu_event,166.49706363677979,182.22763061523435,1000,15,3.0162110920000016
0,1,4096,float32,native,rmsnorm,inference,wall,12.913824074074073,13.367527777777777,2140,108,3.0007879550000016
0,1,4096,float32,native,rmsnorm,inference,gpu_event,10.399407810635036,10.837333069907295,2140,108,3.0007879550000016
0,1,4096,float32,native,rmsnorm,training_forward,wall,12.858260416666667,13.321343749999999,2413,96,3.000615628
0,1,4096,float32,native,rmsnorm,training_forward,gpu_event,10.048000141978264,10.506933430830637,2413,96,3.000615628
0,4096,4096,float32,native,rmsnorm,backward_retained,wall,1258.1753333333334,1291.1611166666667,1000,3,3.788290258999998
0,4096,4096,float32,native,rmsnorm,backward_retained,gpu_event,1085.4346752166748,1089.472512404124,1000,3,3.788290258999998
0,4096,4096,float32,native,rmsnorm,full_step,wall,2223.4385,2257.793025,1000,2,4.455830927999999
0,4096,4096,float32,native,rmsnorm,full_step,gpu_event,1970.6879854202273,1977.8247714042661,1000,2,4.455830927999999
0,4096,4096,float32,native,rmsnorm,inference,wall,325.51311111111113,328.81266111111114,1022,9,3.0021267860000065
0,4096,4096,float32,native,rmsnorm,inference,gpu_event,305.72088559468585,306.4103020562066,1022,9,3.0021267860000065
0,4096,4096,float32,native,rmsnorm,training_forward,wall,325.90944444444443,329.3761111111111,1021,9,3.0015170800000024
0,4096,4096,float32,native,rmsnorm,training_forward,gpu_event,305.8204385969374,306.42488267686633,1021,9,3.0015170800000024
0,4096,1024,float32,native,rmsnorm,backward_retained,wall,180.12599999999998,194.04346153846151,1270,13,3.0015678649999975
0,4096,1024,float32,native,rmsnorm,backward_retained,gpu_event,138.00368859217718,149.118029154264,1270,13,3.0015678649999975
0,4096,1024,float32,native,rmsnorm,full_step,wall,270.1616,280.11579500000005,1100,10,3.00083809
0,4096,1024,float32,native,rmsnorm,full_step,gpu_event,223.52640628814697,229.2838454246521,1100,10,3.00083809
0,4096,1024,float32,native,rmsnorm,inference,wall,21.191202898550724,21.669463768115943,2045,69,3.0003516290000003
0,4096,1024,float32,native,rmsnorm,inference,gpu_event,17.39408658898395,17.69071316373521,2045,69,3.0003516290000003
0,4096,1024,float32,native,rmsnorm,training_forward,wall,21.336362318840578,21.82913043478261,2030,69,3.000421193000001
0,4096,1024,float32,native,rmsnorm,training_forward,gpu_event,17.439071682916172,17.629519320916437,2030,69,3.000421193000001
1,1,1024,float32,native,rmsnorm,training_forward,wall,12.734322916666668,13.220784375,2439,96,3.0011833929999985
1,1,1024,float32,native,rmsnorm,training_forward,gpu_event,9.930666536092758,10.389333590865135,2439,96,3.0011833929999985
1,1,1024,float32,native,rmsnorm,backward_retained,wall,133.40885714285713,146.98119047619048,1053,21,3.0002125969999978
1,1,1024,float32,native,rmsnorm,backward_retained,gpu_event,108.05638631184895,119.8275089263916,1053,21,3.0002125969999978
1,1,1024,float32,native,rmsnorm,full_step,wall,199.5476785714286,214.3612857142857,1064,14,3.0008730599999995
1,1,1024,float32,native,rmsnorm,full_step,gpu_event,167.1611411230905,180.70308225495472,1064,14,3.0008730599999995
1,1,1024,float32,native,rmsnorm,inference,wall,12.464161764705883,12.963666666666665,2344,102,3.0001784819999995
1,1,1024,float32,native,rmsnorm,inference,gpu_event,9.85851007349351,10.300235421049829,2344,102,3.0001784819999995
0,32,4096,float32,compiled,layernorm,backward_retained,wall,247.39895833333333,265.64852916666666,1008,12,3.0004708539999974
0,32,4096,float32,compiled,layernorm,backward_retained,gpu_event,230.64933220545453,248.5630730787913,1008,12,3.0004708539999974
0,32,4096,float32,compiled,layernorm,full_step,wall,459.42407142857144,487.81524285714295,1000,7,3.2346691639999943
0,32,4096,float32,compiled,layernorm,full_step,gpu_event,440.46172073909213,467.5270846911839,1000,7,3.2346691639999943
0,32,4096,float32,compiled,layernorm,inference,wall,79.576625,82.231665625,1172,32,3.0020408929999975
0,32,4096,float32,compiled,layernorm,inference,gpu_event,76.51200145483017,79.1183989495039,1172,32,3.0020408929999975
0,32,4096,float32,compiled,layernorm,training_forward,wall,125.92090476190478,130.4467976190476,1126,21,3.0021058259999953
0,32,4096,float32,compiled,layernorm,training_forward,gpu_event,120.63695135570708,124.86704474403744,1126,21,3.0021058259999953
1,4096,4096,float32,native,layernorm,training_forward,wall,324.42172222222223,327.7077777777778,1026,9,3.0018455669999984
1,4096,4096,float32,native,layernorm,training_forward,gpu_event,304.92443508572046,305.607106950548,1026,9,3.0018455669999984
1,4096,4096,float32,native,layernorm,backward_retained,wall,1260.1958333333334,1282.87085,1000,3,3.789657243
1,4096,4096,float32,native,layernorm,backward_retained,gpu_event,1087.1466795603435,1091.5109435717266,1000,3,3.789657243
1,4096,4096,float32,native,layernorm,full_step,wall,2227.179,2261.853525,1000,2,4.460882898999992
1,4096,4096,float32,native,layernorm,full_step,gpu_event,1974.7840166091917,1981.9519519805908,1000,2,4.460882898999992
1,4096,4096,float32,native,layernorm,inference,wall,324.8094444444444,328.1623333333333,1025,9,3.0014977519999997
1,4096,4096,float32,native,layernorm,inference,gpu_event,304.92443508572046,305.7059499952528,1025,9,3.0014977519999997
0,512,8192,float32,native,layernorm,backward_retained,wall,184.51375,195.59529999999998,1343,12,3.002130837999999
0,512,8192,float32,native,layernorm,backward_retained,gpu_event,139.00799552599588,148.95653525988257,1343,12,3.002130837999999
0,512,8192,float32,native,layernorm,full_step,wall,270.79920000000004,282.9761899999999,1099,10,3.002133791000001
0,512,8192,float32,native,layernorm,full_step,gpu_event,224.9727964401245,231.85152053833005,1099,10,3.002133791000001
0,512,8192,float32,native,layernorm,inference,wall,26.80973770491803,27.424829508196723,1829,61,3.001225762000004
0,512,8192,float32,native,layernorm,inference,gpu_event,22.39422915411777,22.8121175140631,1829,61,3.001225762000004
0,512,8192,float32,native,layernorm,training_forward,wall,26.765606557377048,27.38365573770492,1831,61,3.0011256289999997
0,512,8192,float32,native,layernorm,training_forward,gpu_event,22.427279441083066,22.827016525581236,1831,61,3.0011256289999997
0,512,8192,bfloat16,compiled,rmsnorm,backward_retained,wall,269.92914999999994,295.074545,1110,10,3.000116141000004
0,512,8192,bfloat16,compiled,rmsnorm,backward_retained,gpu_event,248.21760654449463,273.1212854385376,1110,10,3.000116141000004
0,512,8192,bfloat16,compiled,rmsnorm,full_step,wall,520.5603333333333,579.0563416666668,1000,6,3.157086726000004
0,512,8192,bfloat16,compiled,rmsnorm,full_step,gpu_event,497.3120093345642,556.0319821039835,1000,6,3.157086726000004
0,512,8192,bfloat16,compiled,rmsnorm,inference,wall,80.01225,83.68952187499998,1158,32,3.0012968800000013
0,512,8192,bfloat16,compiled,rmsnorm,inference,gpu_event,76.92799717187881,80.26080019772053,1158,32,3.0012968800000013
0,512,8192,bfloat16,compiled,rmsnorm,training_forward,wall,122.36863636363637,128.51504545454546,1105,22,3.0019248470000046
0,512,8192,bfloat16,compiled,rmsnorm,training_forward,gpu_event,117.2945499420166,122.72989533164284,1105,22,3.0019248470000046
1,1,8192,float32,native,rmsnorm,training_forward,wall,13.09463829787234,13.667730319148937,2414,94,3.0000174329999956
1,1,8192,float32,native,rmsnorm,training_forward,gpu_event,10.274382981848209,10.796630002082663,2414,94,3.0000174329999956
1,1,8192,float32,native,rmsnorm,backward_retained,wall,147.3633888888889,157.43366666666665,1120,18,3.000472994999996
1,1,8192,float32,native,rmsnorm,backward_retained,gpu_event,116.89866913689508,126.13403797149657,1120,18,3.000472994999996
1,1,8192,float32,native,rmsnorm,full_step,wall,204.74406666666667,215.7924633333333,1000,15,3.0910369509999995
1,1,8192,float32,native,rmsnorm,full_step,gpu_event,170.9407965342204,181.74976110458374,1000,15,3.0910369509999995
1,1,8192,float32,native,rmsnorm,inference,wall,13.021833333333333,13.5289171875,2382,96,3.0000692389999974
1,1,8192,float32,native,rmsnorm,inference,gpu_event,10.248666629195215,10.709332923094431,2382,96,3.0000692389999974
1,4096,4096,bfloat16,native,layernorm,training_forward,wall,159.41122222222222,161.24989722222222,1044,18,3.0024332769999957
1,4096,4096,bfloat16,native,layernorm,training_forward,gpu_event,144.31911044650607,144.72684462865195,1044,18,3.0024332769999957
1,4096,4096,bfloat16,native,layernorm,backward_retained,wall,1097.451,1124.0129333333332,1000,3,3.305880296999997
1,4096,4096,bfloat16,native,layernorm,backward_retained,gpu_event,908.6293379465739,912.0426972707113,1000,3,3.305880296999997
1,4096,4096,bfloat16,native,layernorm,full_step,wall,2289.07575,2313.15125,1000,2,4.584868510000006
1,4096,4096,bfloat16,native,layernorm,full_step,gpu_event,2080.2559852600098,2086.917519569397,1000,2,4.584868510000006
1,4096,4096,bfloat16,native,layernorm,inference,wall,159.7561111111111,161.73944444444444,1041,18,3.001287577000002
1,4096,4096,bfloat16,native,layernorm,inference,gpu_event,144.2719962861803,144.62578296661377,1041,18,3.001287577000002
0,4096,8192,bfloat16,native,layernorm,backward_retained,wall,2174.90125,2210.1695,1000,2,4.359845455999999
0,4096,8192,bfloat16,native,layernorm,backward_retained,gpu_event,1969.663977622986,1980.4160594940188,1000,2,4.359845455999999
0,4096,8192,bfloat16,native,layernorm,full_step,wall,4711.003000000001,4761.487,1000,1,4.718225966000006
0,4096,8192,bfloat16,native,layernorm,full_step,gpu_event,4375.552177429199,4391.9358253479,1000,1,4.718225966000006
0,4096,8192,bfloat16,native,layernorm,inference,wall,324.149,327.219,1000,10,3.2474720319999975
0,4096,8192,bfloat16,native,layernorm,inference,gpu_event,305.66399097442627,306.5632104873657,1000,10,3.2474720319999975
0,4096,8192,bfloat16,native,layernorm,training_forward,wall,324.49514999999997,327.423595,1000,10,3.2493338730000003
0,4096,8192,bfloat16,native,layernorm,training_forward,gpu_event,305.7503938674927,306.48319721221924,1000,10,3.2493338730000003
0,32,8192,float32,native,layernorm,backward_retained,wall,145.7943684210526,157.10641578947363,1072,19,3.001796902000006
0,32,8192,float32,native,layernorm,backward_retained,gpu_event,117.65221545570775,126.8543990034806,1072,19,3.001796902000006
0,32,8192,float32,native,layernorm,full_step,wall,202.28314285714285,218.051775,1044,14,3.0023254119999963
0,32,8192,float32,native,layernorm,full_step,gpu_event,169.5519941193717,185.14285343033924,1044,14,3.0023254119999963
0,32,8192,float32,native,layernorm,inference,wall,13.677744444444443,14.1833,2421,90,3.000951351000002
0,32,8192,float32,native,layernorm,inference,gpu_event,10.72924468252394,11.172978083292644,2421,90,3.000951351000002
0,32,8192,float32,native,layernorm,training_forward,wall,13.614738636363636,14.101670454545456,2491,88,3.000337205999993
0,32,8192,float32,native,layernorm,training_forward,gpu_event,10.60072739015926,11.054545640945435,2491,88,3.000337205999993
0,512,1024,float32,compiled,layernorm,backward_retained,wall,253.511875,272.82224583333334,1000,12,3.060094584999998
0,512,1024,float32,compiled,layernorm,backward_retained,gpu_event,236.54399315516153,255.2405297756195,1000,12,3.060094584999998
0,512,1024,float32,compiled,layernorm,full_step,wall,459.71585714285715,490.36585714285707,1000,7,3.234074058000002
0,512,1024,float32,compiled,layernorm,full_step,gpu_event,440.6125545501709,470.05806820733204,1000,7,3.234074058000002
0,512,1024,float32,compiled,layernorm,inference,wall,79.20296875,82.1223125,1177,32,3.000939028999998
0,512,1024,float32,compiled,layernorm,inference,gpu_event,76.12799853086472,78.95019799470901,1177,32,3.000939028999998
0,512,1024,float32,compiled,layernorm,training_forward,wall,122.83082608695652,126.54043478260868,1057,23,3.0001930750000008
0,512,1024,float32,compiled,layernorm,training_forward,gpu_event,118.02712730739428,121.32173828456713,1057,23,3.0001930750000008
0,512,1024,float32,native,layernorm,backward_retained,wall,142.9218888888889,154.81853333333333,1153,18,3.000799027999993
0,512,1024,float32,native,layernorm,backward_retained,gpu_event,113.5502258936564,123.66613017188176,1153,18,3.000799027999993
0,512,1024,float32,native,layernorm,full_step,wall,200.3755,218.07446785714282,1052,14,3.000396136000002
0,512,1024,float32,native,layernorm,full_step,gpu_event,167.79771872929166,185.25119594165255,1052,14,3.000396136000002
0,512,1024,float32,native,layernorm,inference,wall,12.170673076923077,12.607502884615384,2352,104,3.000043654000011
0,512,1024,float32,native,layernorm,inference,gpu_event,9.727999567985535,10.141538885923532,2352,104,3.000043654000011
0,512,1024,float32,native,layernorm,training_forward,wall,12.402010204081632,12.86320408163265,2455,98,3.001054103000003
0,512,1024,float32,native,layernorm,training_forward,gpu_event,9.791346837063225,10.208652943980937,2455,98,3.001054103000003
1,512,1024,bfloat16,eager,layernorm,training_forward,wall,109.90862499999999,112.94031666666666,1133,24,3.0016648459999997
1,512,1024,bfloat16,eager,layernorm,training_forward,gpu_event,102.30666399002075,105.13439774513245,1133,24,3.0016648459999997
1,512,1024,bfloat16,eager,layernorm,backward_retained,wall,336.0945,362.14708888888885,1000,9,3.065994790000001
1,512,1024,bfloat16,eager,layernorm,backward_retained,gpu_event,309.13421842787,334.64249372482294,1000,9,3.065994790000001
1,512,1024,bfloat16,eager,layernorm,full_step,wall,534.92525,576.4608499999999,1000,6,3.253184383
1,512,1024,bfloat16,eager,layernorm,full_step,gpu_event,502.4613340695699,543.2557503382366,1000,6,3.253184383
1,512,1024,bfloat16,eager,layernorm,inference,wall,94.60214814814815,96.9948148148148,1170,27,3.0005908009999995
1,512,1024,bfloat16,eager,layernorm,inference,gpu_event,88.47881688012018,90.71881682784469,1170,27,3.0005908009999995
1,512,4096,bfloat16,native,layernorm,training_forward,wall,13.662842857142858,14.28362857142857,3110,70,3.0000768440000023
1,512,4096,bfloat16,native,layernorm,training_forward,gpu_event,10.049828461238317,10.62034283365522,3110,70,3.0000768440000023
1,512,4096,bfloat16,native,layernorm,backward_retained,wall,152.95522222222223,166.2921,1077,18,3.002520246000002
1,512,4096,bfloat16,native,layernorm,backward_retained,gpu_event,122.08355797661676,134.46257909138993,1077,18,3.002520246000002
1,512,4096,bfloat16,native,layernorm,full_step,wall,239.29991666666663,260.3174166666667,1027,12,3.0011349919999972
1,512,4096,bfloat16,native,layernorm,full_step,gpu_event,208.79733562469482,228.36906313896176,1027,12,3.0011349919999972
1,512,4096,bfloat16,native,layernorm,inference,wall,13.276720930232559,13.81363081395349,2606,86,3.000091329000004
1,512,4096,bfloat16,native,layernorm,inference,gpu_event,10.28762792432031,10.75879085895627,2606,86,3.000091329000004
0,1,4096,float32,native,layernorm,backward_retained,wall,145.44184210526316,155.50271578947365,1077,19,3.000482315000002
0,1,4096,float32,native,layernorm,backward_retained,gpu_event,116.95157854180587,124.93877661855596,1077,19,3.000482315000002
0,1,4096,float32,native,layernorm,full_step,wall,200.9562666666667,215.60087000000001,1000,15,3.049355147999996
0,1,4096,float32,native,layernorm,full_step,gpu_event,167.73120562235513,181.4527988433838,1000,15,3.049355147999996
0,1,4096,float32,native,layernorm,inference,wall,13.116127659574467,13.55636170212766,2421,94,3.0009708570000004
0,1,4096,float32,native,layernorm,inference,gpu_event,10.306383066989007,10.73191521015573,2421,94,3.0009708570000004
0,1,4096,float32,native,layernorm,training_forward,wall,12.926860215053765,13.399548387096774,2479,93,3.001126229999999
0,1,4096,float32,native,layernorm,training_forward,gpu_event,10.140903534427766,10.579303195399623,2479,93,3.001126229999999
1,512,4096,float32,eager,rmsnorm,training_forward,wall,60.165600000000005,61.87776428571428,1416,35,3.0011501679999952
1,512,4096,float32,eager,rmsnorm,training_forward,gpu_event,55.061943190438406,56.70034204210555,1416,35,3.0011501679999952
1,512,4096,float32,eager,rmsnorm,backward_retained,wall,261.5455454545455,290.49200909090894,1024,11,3.002535178000002
1,512,4096,float32,eager,rmsnorm,backward_retained,gpu_event,239.70909552140668,266.8664737181229,1024,11,3.002535178000002
1,512,4096,float32,eager,rmsnorm,full_step,wall,381.300875,409.636875,1000,8,3.089465389999999
1,512,4096,float32,eager,rmsnorm,full_step,gpu_event,349.0560054779053,377.23521143198013,1000,8,3.089465389999999
1,512,4096,float32,eager,rmsnorm,inference,wall,53.76305263157895,55.415686842105266,1459,38,3.000046979000002
1,512,4096,float32,eager,rmsnorm,inference,gpu_event,49.448421126917786,50.951746576710754,1459,38,3.000046979000002
1,1,8192,bfloat16,native,layernorm,training_forward,wall,13.358449438202245,13.857104494382023,2507,89,3.0008191050000064
1,1,8192,bfloat16,native,layernorm,training_forward,gpu_event,10.412584529833847,10.907325851783323,2507,89,3.0008191050000064
1,1,8192,bfloat16,native,layernorm,backward_retained,wall,156.66578947368419,165.68739210526317,1002,19,3.001360640999997
1,1,8192,bfloat16,native,layernorm,backward_retained,gpu_event,127.07873394614772,134.57448043321307,1002,19,3.001360640999997
1,1,8192,bfloat16,native,layernorm,full_step,wall,230.7076923076923,248.37696538461535,1000,13,3.0432031410000002
1,1,8192,bfloat16,native,layernorm,full_step,gpu_event,202.83077313349798,219.305354815263,1000,13,3.0432031410000002
1,1,8192,bfloat16,native,layernorm,inference,wall,13.752666666666666,14.224220430107525,2331,93,3.0006042560000004
1,1,8192,bfloat16,native,layernorm,inference,gpu_event,10.888258616129557,11.32335521841562,2331,93,3.0006042560000004
1,4096,1024,bfloat16,native,layernorm,training_forward,wall,22.582107142857144,23.581392857142855,2355,56,3.0002734030000013
1,4096,1024,bfloat16,native,layernorm,training_forward,gpu_event,17.846856798444474,18.377886073929922,2355,56,3.0002734030000013
1,4096,1024,bfloat16,native,layernorm,backward_retained,wall,179.56184615384615,196.0257692307692,1269,13,3.001586003999997
1,4096,1024,bfloat16,native,layernorm,backward_retained,gpu_event,136.4923073695256,150.41772218850943,1269,13,3.001586003999997
1,4096,1024,bfloat16,native,layernorm,full_step,wall,297.555,358.04205999999976,1000,10,3.070301234000004
1,4096,1024,bfloat16,native,layernorm,full_step,gpu_event,259.1807961463928,316.2150502204895,1000,10,3.070301234000004
1,4096,1024,bfloat16,native,layernorm,inference,wall,21.891014925373135,22.39936119402985,2037,67,3.000252176000002
1,4096,1024,bfloat16,native,layernorm,inference,gpu_event,17.912357600767223,18.172178695450967,2037,67,3.000252176000002
0,32,1024,float32,native,layernorm,backward_retained,wall,141.2718157894737,151.06973684210524,1108,19,3.0010873839999967
0,32,1024,float32,native,layernorm,backward_retained,gpu_event,113.448419068989,121.91629347048301,1108,19,3.0010873839999967
0,32,1024,float32,native,layernorm,full_step,wall,198.10703333333333,209.37440333333333,1000,15,3.001495588999999
0,32,1024,float32,native,layernorm,full_step,gpu_event,166.02986653645831,177.21493005752563,1000,15,3.001495588999999
0,32,1024,float32,native,layernorm,inference,wall,12.195252380952379,12.634552380952382,2328,105,3.0005997340000015
0,32,1024,float32,native,layernorm,inference,gpu_event,9.742323557535807,10.132617269243513,2328,105,3.0005997340000015
0,32,1024,float32,native,layernorm,training_forward,wall,12.46025806451613,13.019612903225804,2567,93,3.000158818000001
0,32,1024,float32,native,layernorm,training_forward,gpu_event,9.700473277799544,10.217978749223935,2567,93,3.000158818000001
0,32,1024,bfloat16,native,layernorm,backward_retained,wall,154.95567647058823,164.3024382352941,1130,17,3.0004086770000025
0,32,1024,bfloat16,native,layernorm,backward_retained,gpu_event,120.6512871910544,130.05232670727898,1130,17,3.0004086770000025
0,32,1024,bfloat16,native,layernorm,full_step,wall,229.74303846153845,248.717,1000,13,3.0341692689999964
0,32,1024,bfloat16,native,layernorm,full_step,gpu_event,201.92246253673846,219.68738849346454,1000,13,3.0341692689999964
0,32,1024,bfloat16,native,layernorm,inference,wall,12.583790476190476,13.099276190476193,2256,105,3.0011481840000007
0,32,1024,bfloat16,native,layernorm,inference,gpu_event,10.04495280129569,10.513828765778316,2256,105,3.0011481840000007
0,32,1024,bfloat16,native,layernorm,training_forward,wall,12.325682242990654,12.749233644859814,2264,107,3.000729035000004
0,32,1024,bfloat16,native,layernorm,training_forward,gpu_event,9.874691472989376,10.259140317685135,2264,107,3.000729035000004
0,512,8192,bfloat16,eager,layernorm,backward_retained,wall,849.24975,862.5550000000001,1000,4,3.4039007299999984
0,512,8192,bfloat16,eager,layernorm,backward_retained,gpu_event,774.399995803833,782.0827960968018,1000,4,3.4039007299999984
0,512,8192,bfloat16,eager,layernorm,full_step,wall,1111.0996666666667,1127.6713333333332,1000,3,3.3438848759999997
0,512,8192,bfloat16,eager,layernorm,full_step,gpu_event,1041.7493184407551,1052.247432867686,1000,3,3.3438848759999997
0,512,8192,bfloat16,eager,layernorm,inference,wall,186.91420000000002,189.50474,1067,15,3.0009937479999986
0,512,8192,bfloat16,eager,layernorm,inference,gpu_event,175.17226537068686,177.1519978841146,1067,15,3.0009937479999986
0,512,8192,bfloat16,eager,layernorm,training_forward,wall,188.0598,190.52753333333334,1061,15,3.0018074230000007
0,512,8192,bfloat16,eager,layernorm,training_forward,gpu_event,175.2405325571696,177.07093556722006,1061,15,3.0018074230000007
1,1,1024,float32,compiled,layernorm,training_forward,wall,118.24347826086957,121.63612391304346,1098,23,3.000562170000003
1,1,1024,float32,compiled,layernorm,training_forward,gpu_event,113.4838280470475,116.79241605426954,1098,23,3.000562170000003
1,1,1024,float32,compiled,layernorm,backward_retained,wall,238.18325,256.15549999999996,1048,12,3.002500214999998
1,1,1024,float32,compiled,layernorm,backward_retained,gpu_event,221.6106653213501,239.1850600639979,1048,12,3.002500214999998
1,1,1024,float32,compiled,layernorm,full_step,wall,437.5072142857143,463.2801428571428,1000,7,3.0728660010000044
1,1,1024,float32,compiled,layernorm,full_step,gpu_event,418.6697006225586,443.24571745736256,1000,7,3.0728660010000044
1,1,1024,float32,compiled,layernorm,inference,wall,77.190640625,79.99653125,1208,32,3.0023198229999952
1,1,1024,float32,compiled,layernorm,inference,gpu_event,74.17900115251541,76.82079896330833,1208,32,3.0023198229999952
1,4096,8192,bfloat16,compiled,layernorm,training_forward,wall,346.91122222222225,351.2106666666666,1000,9,3.1271482770000003
1,4096,8192,bfloat16,compiled,layernorm,training_forward,gpu_event,333.02754826015894,336.42399443520435,1000,9,3.1271482770000003
1,4096,8192,bfloat16,compiled,layernorm,backward_retained,wall,2188.5475,2206.5474999999997,1000,2,4.3822335369999985
1,4096,8192,bfloat16,compiled,layernorm,backward_retained,gpu_event,2070.0079202651978,2076.165556907654,1000,2,4.3822335369999985
1,4096,8192,bfloat16,compiled,layernorm,full_step,wall,4926.608,4973.39905,1000,1,4.934305918000004
1,4096,8192,bfloat16,compiled,layernorm,full_step,gpu_event,4782.048225402832,4822.887802124023,1000,1,4.934305918000004
1,4096,8192,bfloat16,compiled,layernorm,inference,wall,341.0496111111111,360.4013333333333,1000,9,3.109667707000002
1,4096,8192,bfloat16,compiled,layernorm,inference,gpu_event,328.4177780151367,339.85990285873413,1000,9,3.109667707000002
1,512,1024,bfloat16,native,rmsnorm,training_forward,wall,12.43001,12.9309835,2394,100,3.0000332830000023
1,512,1024,bfloat16,native,rmsnorm,training_forward,gpu_event,9.788959920406343,10.2326722741127,2394,100,3.0000332830000023
1,512,1024,bfloat16,native,rmsnorm,backward_retained,wall,157.0501111111111,170.31898888888884,1049,18,3.002009294999999
1,512,1024,bfloat16,native,rmsnorm,backward_retained,gpu_event,125.32267305586073,137.625601556566,1049,18,3.002009294999999
1,512,1024,bfloat16,native,rmsnorm,full_step,wall,244.441375,262.66516666666666,1008,12,3.0007305880000024
1,512,1024,bfloat16,native,rmsnorm,full_step,gpu_event,212.82132466634116,229.79840139547983,1008,12,3.0007305880000024
1,512,1024,bfloat16,native,rmsnorm,inference,wall,12.53551401869159,12.978244392523365,2224,107,3.000397835000002
1,512,1024,bfloat16,native,rmsnorm,inference,gpu_event,10.04859777254479,10.457405364401986,2224,107,3.000397835000002
1,32,8192,bfloat16,native,layernorm,training_forward,wall,13.253960227272728,13.79231818181818,2552,88,3.0005084439999927
1,32,8192,bfloat16,native,layernorm,training_forward,gpu_event,10.309818116101352,10.83345440301028,2552,88,3.0005084439999927
1,32,8192,bfloat16,native,layernorm,backward_retained,wall,153.11847368421053,164.7420342105263,1022,19,3.0011933120000025
1,32,8192,bfloat16,native,layernorm,backward_retained,gpu_event,123.82568811115465,133.97718228791888,1022,19,3.0011933120000025
1,32,8192,bfloat16,native,layernorm,full_step,wall,234.00030769230767,256.3198961538462,1000,13,3.0940346739999933
1,32,8192,bfloat16,native,layernorm,full_step,gpu_event,205.66646869365985,226.40860997713526,1000,13,3.0940346739999933
1,32,8192,bfloat16,native,layernorm,inference,wall,13.892840659340658,14.394494505494507,2358,91,3.0006065509999944
1,32,8192,bfloat16,native,layernorm,inference,gpu_event,10.948923262921006,11.421538971282624,2358,91,3.0006065509999944
0,1,1024,bfloat16,eager,layernorm,backward_retained,wall,335.7560555555556,365.6271166666666,1000,9,3.0709932770000026
0,1,1024,bfloat16,eager,layernorm,backward_retained,gpu_event,308.2239892747667,335.7809649573432,1000,9,3.0709932770000026
0,1,1024,bfloat16,eager,layernorm,full_step,wall,519.8494999999999,566.4741,1000,6,3.1661793440000063
0,1,1024,bfloat16,eager,layernorm,full_step,gpu_event,487.2533480326335,529.4298748175303,1000,6,3.1661793440000063
0,1,1024,bfloat16,eager,layernorm,inference,wall,95.06778571428572,97.4387142857143,1123,28,3.0015472429999996
0,1,1024,bfloat16,eager,layernorm,inference,gpu_event,89.05713898794991,91.35303241865975,1123,28,3.0015472429999996
0,1,1024,bfloat16,eager,layernorm,training_forward,wall,108.171,111.00766666666667,1149,24,3.0014516059999976
0,1,1024,bfloat16,eager,layernorm,training_forward,gpu_event,100.60666998227437,103.42400272687276,1149,24,3.0014516059999976
1,1,8192,bfloat16,compiled,rmsnorm,training_forward,wall,118.17817391304348,121.63991304347826,1099,23,3.0024870929999983
1,1,8192,bfloat16,compiled,rmsnorm,training_forward,gpu_event,113.35235056669816,116.60688338072403,1099,23,3.0024870929999983
1,1,8192,bfloat16,compiled,rmsnorm,backward_retained,wall,256.320875,272.6016625,1000,12,3.088172136999999
1,1,8192,bfloat16,compiled,rmsnorm,backward_retained,gpu_event,238.21199933687848,253.95720601081848,1000,12,3.088172136999999
1,1,8192,bfloat16,compiled,rmsnorm,full_step,wall,476.59292857142856,506.66599999999994,1000,7,3.3528206449999995
1,1,8192,bfloat16,compiled,rmsnorm,full_step,gpu_event,457.2891507829939,486.9869674955096,1000,7,3.3528206449999995
1,1,8192,bfloat16,compiled,rmsnorm,inference,wall,79.1530625,81.99603125,1176,32,3.0012991399999978
1,1,8192,bfloat16,compiled,rmsnorm,inference,gpu_event,76.07749849557877,78.91199737787247,1176,32,3.0012991399999978
0,1,1024,bfloat16,compiled,layernorm,backward_retained,wall,253.94145833333334,270.25441666666666,1000,12,3.066649973000001
0,1,1024,bfloat16,compiled,layernorm,backward_retained,gpu_event,235.94667514165243,251.82719031969705,1000,12,3.066649973000001
0,1,1024,bfloat16,compiled,layernorm,full_step,wall,474.27878571428573,507.1428571428571,1000,7,3.336464989000002
0,1,1024,bfloat16,compiled,layernorm,full_step,gpu_event,455.01255989074707,486.4132489476885,1000,7,3.336464989000002
0,1,1024,bfloat16,compiled,layernorm,inference,wall,79.95801612903227,83.2146129032258,1202,31,3.001409431000003
0,1,1024,bfloat16,compiled,layernorm,inference,gpu_event,76.83303279261435,79.93641399568126,1202,31,3.001409431000003
0,1,1024,bfloat16,compiled,layernorm,training_forward,wall,121.09584782608695,125.51695652173913,1070,23,3.002012850999999
0,1,1024,bfloat16,compiled,layernorm,training_forward,gpu_event,116.20174283566682,120.23318591325179,1070,23,3.002012850999999
1,1,4096,float32,eager,rmsnorm,training_forward,wall,59.50251282051282,61.07751282051283,1286,39,3.0020550970000017
1,1,4096,float32,eager,rmsnorm,training_forward,gpu_event,54.79712975330842,56.18810195189256,1286,39,3.0020550970000017
1,1,4096,float32,eager,rmsnorm,backward_retained,wall,249.42290909090912,269.98897727272725,1078,11,3.0024851590000003
1,1,4096,float32,eager,rmsnorm,backward_retained,gpu_event,227.4210886521773,246.09339128841054,1078,11,3.0024851590000003
1,1,4096,float32,eager,rmsnorm,full_step,wall,360.01116666666667,397.70744999999994,1000,9,3.303338127000003
1,1,4096,float32,eager,rmsnorm,full_step,gpu_event,330.63822322421606,365.0275535053677,1000,9,3.303338127000003
1,1,4096,float32,eager,rmsnorm,inference,wall,51.87378571428572,53.26545238095238,1371,42,3.001401046999999
1,1,4096,float32,eager,rmsnorm,inference,gpu_event,47.90857292356946,49.26133439654396,1371,42,3.001401046999999
1,32,1024,bfloat16,eager,layernorm,training_forward,wall,108.08254347826086,110.87382608695653,1196,23,3.001481354000001
1,32,1024,bfloat16,eager,layernorm,training_forward,gpu_event,100.25808603867242,103.06782307832137,1196,23,3.001481354000001
1,32,1024,bfloat16,eager,layernorm,backward_retained,wall,335.13927777777775,365.9719944444444,1000,9,3.062832867000001
1,32,1024,bfloat16,eager,layernorm,backward_retained,gpu_event,308.3377679189046,338.38080697589453,1000,9,3.062832867000001
1,32,1024,bfloat16,eager,layernorm,full_step,wall,519.6495833333333,564.8388333333334,1000,6,3.1639149200000025
1,32,1024,bfloat16,eager,layernorm,full_step,gpu_event,487.2533480326335,530.4810623327891,1000,6,3.1639149200000025
1,32,1024,bfloat16,eager,layernorm,inference,wall,93.82603703703705,96.49644444444445,1179,27,3.002146499000001
1,32,1024,bfloat16,eager,layernorm,inference,gpu_event,87.76058974089446,90.41540711014359,1179,27,3.002146499000001
1,32,1024,float32,native,layernorm,training_forward,wall,12.236528846153846,12.71453653846154,2339,104,3.0003592719999967
1,32,1024,float32,native,layernorm,training_forward,gpu_event,9.737845796805162,10.171076426139244,2339,104,3.0003592719999967
1,32,1024,float32,native,layernorm,backward_retained,wall,131.63147368421053,146.73472631578946,1173,19,3.0018885550000043
1,32,1024,float32,native,layernorm,backward_retained,gpu_event,104.1751598056994,117.83545393692819,1173,19,3.0018885550000043
1,32,1024,float32,native,layernorm,full_step,wall,192.9667333333333,210.49573666666666,1020,15,3.0007260919999994
1,32,1024,float32,native,layernorm,full_step,gpu_event,163.0890687306722,177.86335865656534,1020,15,3.0007260919999994
1,32,1024,float32,native,layernorm,inference,wall,12.024544642857144,12.402669642857143,2212,112,3.0000128239999944
1,32,1024,float32,native,layernorm,inference,gpu_event,9.764571275029864,10.12911397431578,2212,112,3.0000128239999944
0,512,1024,bfloat16,eager,rmsnorm,backward_retained,wall,295.9221111111111,326.8642222222222,1105,9,3.000622210999998
0,512,1024,bfloat16,eager,rmsnorm,backward_retained,gpu_event,269.52889230516223,299.91609255472815,1105,9,3.000622210999998
0,512,1024,bfloat16,eager,rmsnorm,full_step,wall,463.1222857142857,498.8232857142857,1000,7,3.2916604910000005
0,512,1024,bfloat16,eager,rmsnorm,full_step,gpu_event,424.96000017438615,459.52296938214977,1000,7,3.2916604910000005
0,512,1024,bfloat16,eager,rmsnorm,inference,wall,78.68121875,80.821215625,1183,32,3.0002638200000007
0,512,1024,bfloat16,eager,rmsnorm,inference,gpu_event,73.21599870920181,75.32799988985062,1183,32,3.0002638200000007
0,512,1024,bfloat16,eager,rmsnorm,training_forward,wall,88.74489655172414,91.03718965517241,1159,29,3.0022983310000053
0,512,1024,bfloat16,eager,rmsnorm,training_forward,gpu_event,82.16386005796235,84.68127250671385,1159,29,3.0022983310000053
0,1,8192,float32,compiled,rmsnorm,backward_retained,wall,242.6165,257.4002916666667,1031,12,3.0009868940000004
0,1,8192,float32,compiled,rmsnorm,backward_retained,gpu_event,225.62134265899658,239.95733261108398,1031,12,3.0009868940000004
0,1,8192,float32,compiled,rmsnorm,full_step,wall,442.6427142857143,472.4612857142857,1000,7,3.117337163000003
0,1,8192,float32,compiled,rmsnorm,full_step,gpu_event,423.2045582362584,451.7364570072719,1000,7,3.117337163000003
0,1,8192,float32,compiled,rmsnorm,inference,wall,79.80906060606061,82.99449848484849,1132,33,3.0019060470000003
0,1,8192,float32,compiled,rmsnorm,inference,gpu_event,76.81260686932188,79.83936938372526,1132,33,3.0019060470000003
0,1,8192,float32,compiled,rmsnorm,training_forward,wall,120.0825652173913,124.15282173913043,1079,23,3.0023618049999987
0,1,8192,float32,compiled,rmsnorm,training_forward,gpu_event,115.22225711656654,119.0956571827764,1079,23,3.0023618049999987
1,512,8192,bfloat16,native,layernorm,training_forward,wall,18.349986111111107,19.561097222222223,2248,72,3.00091636600001
1,512,8192,bfloat16,native,layernorm,training_forward,gpu_event,14.677332507239448,15.857777661747402,2248,72,3.00091636600001
1,512,8192,bfloat16,native,layernorm,backward_retained,wall,175.31546153846153,194.49392307692304,1293,13,3.0019415940000016
1,512,8192,bfloat16,native,layernorm,backward_retained,gpu_event,132.5686161334698,148.1905221939087,1293,13,3.0019415940000016
1,512,8192,bfloat16,native,layernorm,full_step,wall,295.57015,317.4656,1002,10,3.001618733999998
1,512,8192,bfloat16,native,layernorm,full_step,gpu_event,258.15041065216064,281.48687839508057,1002,10,3.001618733999998
1,512,8192,bfloat16,native,layernorm,inference,wall,18.326302631578947,18.785513157894734,2141,76,3.0009123310000025
1,512,8192,bfloat16,native,layernorm,inference,gpu_event,14.79410497765792,14.969262637590107,2141,76,3.0009123310000025
1,1,8192,float32,native,layernorm,training_forward,wall,13.109626506024096,13.628915662650604,2739,83,3.0004711800000026
1,1,8192,float32,native,layernorm,training_forward,gpu_event,10.054939482585493,10.548433625554464,2739,83,3.0004711800000026
1,1,8192,float32,native,layernorm,backward_retained,wall,132.44242500000001,147.8061625,1106,20,3.001438797000001
1,1,8192,float32,native,layernorm,backward_retained,gpu_event,106.1303973197937,119.58480179309845,1106,20,3.001438797000001
1,1,8192,float32,native,layernorm,full_step,wall,192.67353333333332,205.9728333333333,1027,15,3.002150542
1,1,8192,float32,native,layernorm,full_step,gpu_event,161.99679374694824,174.4759448369344,1027,15,3.002150542
1,1,8192,float32,native,layernorm,inference,wall,12.98650561797753,13.470793258426964,2577,89,3.000494795999996
1,1,8192,float32,native,layernorm,inference,gpu_event,10.13465141982175,10.628961847069558,2577,89,3.000494795999996
0,32,1024,bfloat16,eager,rmsnorm,backward_retained,wall,297.45484999999996,322.64880000000005,1000,10,3.019977764999995
0,32,1024,bfloat16,eager,rmsnorm,backward_retained,gpu_event,273.2016086578369,297.3695993423462,1000,10,3.019977764999995
0,32,1024,bfloat16,eager,rmsnorm,full_step,wall,463.61478571428574,502.0254285714285,1000,7,3.2942211019999985
0,32,1024,bfloat16,eager,rmsnorm,full_step,gpu_event,425.3988606589181,463.1478701319013,1000,7,3.2942211019999985
0,32,1024,bfloat16,eager,rmsnorm,inference,wall,79.42421212121212,81.17390909090909,1139,33,3.000353201000006
0,32,1024,bfloat16,eager,rmsnorm,inference,gpu_event,74.10036433826794,75.89837854558772,1139,33,3.000353201000006
0,32,1024,bfloat16,eager,rmsnorm,training_forward,wall,89.62587931034483,92.27780517241378,1148,29,3.0006300300000013
0,32,1024,bfloat16,eager,rmsnorm,training_forward,gpu_event,82.9793091478019,85.33274510811115,1148,29,3.0006300300000013
0,32,4096,bfloat16,eager,rmsnorm,backward_retained,wall,300.33000000000004,324.948805,1000,10,3.03522777
0,32,4096,bfloat16,eager,rmsnorm,backward_retained,gpu_event,275.9727954864502,298.9166295528412,1000,10,3.03522777
0,32,4096,bfloat16,eager,rmsnorm,full_step,wall,464.1140714285714,499.39257857142854,1000,7,3.29417278
0,32,4096,bfloat16,eager,rmsnorm,full_step,gpu_event,425.83772114345004,458.1430843898228,1000,7,3.29417278
0,32,4096,bfloat16,eager,rmsnorm,inference,wall,78.39065625,80.5228578125,1190,32,3.0015013720000012
0,32,4096,bfloat16,eager,rmsnorm,inference,gpu_event,72.9919970035553,75.06074942648411,1190,32,3.0015013720000012
0,32,4096,bfloat16,eager,rmsnorm,training_forward,wall,87.95326666666666,90.42429999999999,1130,30,3.0014797690000026
0,32,4096,bfloat16,eager,rmsnorm,training_forward,gpu_event,81.64693514506023,83.95216067632039,1130,30,3.0014797690000026
1,4096,1024,bfloat16,compiled,layernorm,training_forward,wall,124.04280952380952,127.79757142857142,1146,21,3.001869908999997
1,4096,1024,bfloat16,compiled,layernorm,training_forward,gpu_event,118.72685523260208,122.4411442166283,1146,21,3.001869908999997
1,4096,1024,bfloat16,compiled,layernorm,backward_retained,wall,276.40025,308.2745,1000,12,3.351503859000002
1,4096,1024,bfloat16,compiled,layernorm,backward_retained,gpu_event,258.5600018501282,289.63413337866467,1000,12,3.351503859000002
1,4096,1024,bfloat16,compiled,layernorm,full_step,wall,527.3585,590.3356666666666,1000,6,3.2063099379999986
1,4096,1024,bfloat16,compiled,layernorm,full_step,gpu_event,505.5066545804342,567.313055197398,1000,6,3.2063099379999986
1,4096,1024,bfloat16,compiled,layernorm,inference,wall,78.603125,82.006,1182,32,3.002275067999995
1,4096,1024,bfloat16,compiled,layernorm,inference,gpu_event,75.58400183916092,78.78399640321732,1182,32,3.002275067999995
1,32,8192,bfloat16,compiled,rmsnorm,training_forward,wall,119.9045,123.40227272727275,1131,22,3.0001995729999993
1,32,8192,bfloat16,compiled,rmsnorm,training_forward,gpu_event,114.82763290405273,118.2967261834578,1131,22,3.0001995729999993
1,32,8192,bfloat16,compiled,rmsnorm,backward_retained,wall,256.5362727272727,275.2002727272727,1061,11,3.0023008410000056
1,32,8192,bfloat16,compiled,rmsnorm,backward_retained,gpu_event,236.89889907836914,255.06908243352717,1061,11,3.0023008410000056
1,32,8192,bfloat16,compiled,rmsnorm,full_step,wall,483.99985714285714,520.1425785714285,1000,7,3.405782285999996
1,32,8192,bfloat16,compiled,rmsnorm,full_step,gpu_event,464.8959977286203,499.1007958139692,1000,7,3.405782285999996
1,32,8192,bfloat16,compiled,rmsnorm,inference,wall,77.73639393939393,80.65851515151515,1163,33,3.0031197590000063
1,32,8192,bfloat16,compiled,rmsnorm,inference,gpu_event,74.81405951760031,77.66884745973529,1163,33,3.0031197590000063
0,4096,1024,bfloat16,compiled,layernorm,backward_retained,wall,279.7681818181818,305.8630954545455,1000,11,3.0955132980000024
0,4096,1024,bfloat16,compiled,layernorm,backward_retained,gpu_event,259.9141814491966,283.84246717799795,1000,11,3.0955132980000024
0,4096,1024,bfloat16,compiled,layernorm,full_step,wall,534.04975,593.1603083333333,1000,6,3.227448832000004
0,4096,1024,bfloat16,compiled,layernorm,full_step,gpu_event,511.2186670303345,570.7178811232249,1000,6,3.227448832000004
0,4096,1024,bfloat16,compiled,layernorm,inference,wall,80.44841935483872,83.38148387096774,1196,31,3.002302800999998
0,4096,1024,bfloat16,compiled,layernorm,inference,gpu_event,77.29548023593041,80.0701956595144,1196,31,3.002302800999998
0,4096,1024,bfloat16,compiled,layernorm,training_forward,wall,124.11813636363635,128.0851818181818,1092,22,3.0034559969999988
0,4096,1024,bfloat16,compiled,layernorm,training_forward,gpu_event,118.97017739035867,122.59476239031011,1092,22,3.0034559969999988
0,4096,1024,float32,eager,layernorm,backward_retained,wall,782.5395000000001,796.0654,1000,4,3.1325593369999996
0,4096,1024,float32,eager,layernorm,backward_retained,gpu_event,708.6079716682434,715.2644217014313,1000,4,3.1325593369999996
0,4096,1024,float32,eager,layernorm,full_step,wall,1009.0485,1019.4122750000001,1000,4,4.041183852000001
0,4096,1024,float32,eager,layernorm,full_step,gpu_event,937.4719858169556,940.8004105091095,1000,4,4.041183852000001
0,4096,1024,float32,eager,layernorm,inference,wall,166.74443749999998,169.18256250000002,1121,16,3.0025435199999992
0,4096,1024,float32,eager,layernorm,inference,gpu_event,156.3519984483719,158.2079976797104,1121,16,3.0025435199999992
0,4096,1024,float32,eager,layernorm,training_forward,wall,167.6084375,169.833203125,1116,16,3.0016246799999995
0,4096,1024,float32,eager,layernorm,training_forward,gpu_event,156.3519984483719,158.07999670505524,1116,16,3.0016246799999995
0,32,8192,float32,eager,layernorm,backward_retained,wall,286.7731818181818,314.48508181818187,1000,11,3.2086988320000027
0,32,8192,float32,eager,layernorm,backward_retained,gpu_event,265.3221867301247,291.08611670407385,1000,11,3.2086988320000027
0,32,8192,float32,eager,layernorm,full_step,wall,436.0823571428572,477.45111428571425,1000,7,3.1035947569999993
0,32,8192,float32,eager,layernorm,full_step,gpu_event,398.68571077074324,436.00458587918956,1000,7,3.1035947569999993
0,32,8192,float32,eager,layernorm,inference,wall,72.86147222222222,75.10325,1137,36,3.0018958330000003
0,32,8192,float32,eager,layernorm,inference,gpu_event,68.63022512859769,70.71217563417223,1137,36,3.0018958330000003
0,32,8192,float32,eager,layernorm,training_forward,wall,82.96393548387097,85.0357741935484,1161,31,3.000763956999997
0,32,8192,float32,eager,layernorm,training_forward,gpu_event,77.46064278387254,79.47561048692272,1161,31,3.000763956999997
1,512,8192,bfloat16,eager,rmsnorm,training_forward,wall,170.88466666666667,175.29204,1163,15,3.0015708490000046
1,512,8192,bfloat16,eager,rmsnorm,training_forward,gpu_event,157.2864055633545,159.94879404703775,1163,15,3.0015708490000046
1,512,8192,bfloat16,eager,rmsnorm,backward_retained,wall,775.4335000000001,788.9136374999999,1000,4,3.1088524780000006
1,512,8192,bfloat16,eager,rmsnorm,backward_retained,gpu_event,703.0360102653503,708.8767737150192,1000,4,3.1088524780000006
1,512,8192,bfloat16,eager,rmsnorm,full_step,wall,1045.3745000000001,1060.0494166666665,1000,3,3.1434412230000057
1,512,8192,bfloat16,eager,rmsnorm,full_step,gpu_event,950.6133397420248,955.3717295328776,1000,3,3.1434412230000057
1,512,8192,bfloat16,eager,rmsnorm,inference,wall,168.2901875,170.67149999999998,1111,16,3.0004894080000057
1,512,8192,bfloat16,eager,rmsnorm,inference,gpu_event,156.80000185966492,158.2079976797104,1111,16,3.0004894080000057
0,1,4096,bfloat16,compiled,layernorm,backward_retained,wall,258.8251818181818,277.29122727272727,1051,11,3.0006767760000046
0,1,4096,bfloat16,compiled,layernorm,backward_retained,gpu_event,238.88291012157094,255.99999861283735,1051,11,3.0006767760000046
0,1,4096,bfloat16,compiled,layernorm,full_step,wall,485.5232142857143,514.4942142857143,1000,7,3.4160508579999993
0,1,4096,bfloat16,compiled,layernorm,full_step,gpu_event,466.1234276635306,494.3343843732561,1000,7,3.4160508579999993
0,1,4096,bfloat16,compiled,layernorm,inference,wall,80.60848484848485,83.47607272727272,1123,33,3.0010728179999986
0,1,4096,bfloat16,compiled,layernorm,inference,gpu_event,77.54084558197947,80.3995132446289,1123,33,3.0010728179999986
0,1,4096,bfloat16,compiled,layernorm,training_forward,wall,124.1378409090909,128.65914090909092,1092,22,3.002055836999998
0,1,4096,bfloat16,compiled,layernorm,training_forward,gpu_event,118.92363158139315,122.9848021810705,1092,22,3.002055836999998
0,512,1024,float32,eager,layernorm,backward_retained,wall,287.5971,318.02021999999994,1025,10,3.000420321000004
0,512,1024,float32,eager,layernorm,backward_retained,gpu_event,264.07999992370605,293.02783012390137,1025,10,3.000420321000004
0,512,1024,float32,eager,layernorm,full_step,wall,429.12657142857137,475.109,1000,7,3.059484729
0,512,1024,float32,eager,layernorm,full_step,gpu_event,392.7771363939558,435.4662707873752,1000,7,3.059484729
0,512,1024,float32,eager,layernorm,inference,wall,69.49161111111113,71.7743888888889,1193,36,3.0021039749999994
0,512,1024,float32,eager,layernorm,inference,gpu_event,65.33688969082303,67.5555533832974,1193,36,3.0021039749999994
0,512,1024,float32,eager,layernorm,training_forward,wall,80.07674193548387,82.28006935483869,1200,31,3.0011539010000052
0,512,1024,float32,eager,layernorm,training_forward,gpu_event,74.81754979779643,76.99230640165267,1200,31,3.0011539010000052
1,4096,8192,bfloat16,eager,layernorm,training_forward,wall,4135.756,4164.065250000001,1000,1,4.140658222000001
1,4096,8192,bfloat16,eager,layernorm,training_forward,gpu_event,3945.359945297241,3953.7376165390015,1000,1,4.140658222000001
1,4096,8192,bfloat16,eager,layernorm,backward_retained,wall,11993.889500000001,12057.391199999998,1000,1,12.002586029999993
1,4096,8192,bfloat16,eager,layernorm,backward_retained,gpu_event,11689.984321594238,11708.415985107422,1000,1,12.002586029999993
1,4096,8192,bfloat16,eager,layernorm,full_step,wall,17971.155,18040.5395,1000,1,17.981622581000025
1,4096,8192,bfloat16,eager,layernorm,full_step,gpu_event,17755.120277404785,17780.781650543213,1000,1,17.981622581000025
1,4096,8192,bfloat16,eager,layernorm,inference,wall,4120.201999999999,4143.956499999999,1000,1,4.124232159
1,4096,8192,bfloat16,eager,layernorm,inference,gpu_event,3945.4720020294185,3953.664064407348,1000,1,4.124232159
0,1,4096,bfloat16,native,rmsnorm,backward_retained,wall,154.97327777777775,168.31395,1063,18,3.002256655999998
0,1,4096,bfloat16,native,rmsnorm,backward_retained,gpu_event,123.44888846079509,135.27004056506686,1063,18,3.002256655999998
0,1,4096,bfloat16,native,rmsnorm,full_step,wall,236.6695,257.38823076923074,1000,13,3.1282001870000022
0,1,4096,bfloat16,native,rmsnorm,full_step,gpu_event,208.26461681952844,227.56431652949408,1000,13,3.1282001870000022
0,1,4096,bfloat16,native,rmsnorm,inference,wall,12.388424242424243,12.907165151515153,2428,99,3.0002869210000007
0,1,4096,bfloat16,native,rmsnorm,inference,gpu_event,9.733171776087596,10.198626855407097,2428,99,3.0002869210000007
0,1,4096,bfloat16,native,rmsnorm,training_forward,wall,12.808376288659794,13.326446907216495,2394,97,3.0000166159999986
0,1,4096,bfloat16,native,rmsnorm,training_forward,gpu_event,10.02886614848658,10.506804272071603,2394,97,3.0000166159999986
1,4096,1024,float32,compiled,rmsnorm,training_forward,wall,123.3632380952381,126.93623809523808,1154,21,3.002079392999999
1,4096,1024,float32,compiled,rmsnorm,training_forward,gpu_event,118.04876441047305,121.58049004418508,1154,21,3.002079392999999
1,4096,1024,float32,compiled,rmsnorm,backward_retained,wall,277.9,305.431135,1074,10,3.001710026000002
1,4096,1024,float32,compiled,rmsnorm,backward_retained,gpu_event,257.52800703048706,284.0627133846283,1074,10,3.001710026000002
1,4096,1024,float32,compiled,rmsnorm,full_step,wall,504.38699999999994,565.4018583333333,1000,6,3.047847555000001
1,4096,1024,float32,compiled,rmsnorm,full_step,gpu_event,481.60533110300696,541.8802559375763,1000,6,3.047847555000001
1,4096,1024,float32,compiled,rmsnorm,inference,wall,81.35468965517242,84.3650275862069,1265,29,3.001915176999999
1,4096,1024,float32,compiled,rmsnorm,inference,gpu_event,77.9553117423222,80.98692400702114,1265,29,3.001915176999999
0,1,1024,float32,eager,layernorm,backward_retained,wall,285.1535,310.76883999999995,1037,10,3.0021738620000007
0,1,1024,float32,eager,layernorm,backward_retained,gpu_event,261.2351894378662,285.30687808990467,1037,10,3.0021738620000007
0,1,1024,float32,eager,layernorm,full_step,wall,424.32807142857143,463.53332857142857,1000,7,3.0202778010000038
0,1,1024,float32,eager,layernorm,full_step,gpu_event,388.82286208016535,425.85143532071794,1000,7,3.0202778010000038
0,1,1024,float32,eager,layernorm,inference,wall,69.43733333333334,71.50015,1193,36,3.000802906999999
0,1,1024,float32,eager,layernorm,inference,gpu_event,65.25155570771959,67.32800271775987,1193,36,3.000802906999999
0,1,1024,float32,eager,layernorm,training_forward,wall,79.30115151515152,81.12445454545454,1139,33,3.0002635440000023
0,1,1024,float32,eager,layernorm,training_forward,gpu_event,74.35345649719238,76.2475671190204,1139,33,3.0002635440000023
0,512,4096,bfloat16,eager,layernorm,backward_retained,wall,348.9837777777778,382.4067777777778,1000,9,3.1970272930000068
0,512,4096,bfloat16,eager,layernorm,backward_retained,gpu_event,322.10487789577905,352.60871913697974,1000,9,3.1970272930000068
0,512,4096,bfloat16,eager,layernorm,full_step,wall,543.756,603.2706333333333,1000,6,3.3282152540000003
0,512,4096,bfloat16,eager,layernorm,full_step,gpu_event,510.97599665323895,568.4138635794321,1000,6,3.3282152540000003
0,512,4096,bfloat16,eager,layernorm,inference,wall,99.09492,101.59952,1205,25,3.0003365640000004
0,512,4096,bfloat16,eager,layernorm,inference,gpu_event,92.40575790405273,94.6905574798584,1205,25,3.0003365640000004
0,512,4096,bfloat16,eager,layernorm,training_forward,wall,112.28731818181818,115.12598409090909,1208,22,3.001692088999999
0,512,4096,bfloat16,eager,layernorm,training_forward,gpu_event,103.88945449482311,106.69330629435451,1208,22,3.001692088999999
1,4096,4096,float32,compiled,layernorm,training_forward,wall,347.17255555555556,351.8184444444444,1000,9,3.1308152599999968
1,4096,4096,float32,compiled,layernorm,training_forward,gpu_event,333.1413269042969,336.9050569004483,1000,9,3.1308152599999968
1,4096,4096,float32,compiled,layernorm,backward_retained,wall,1067.1496666666667,1084.7526666666668,1000,3,3.2089766719999986
1,4096,4096,float32,compiled,layernorm,backward_retained,gpu_event,994.645357131958,1005.9093634287516,1000,3,3.2089766719999986
1,4096,4096,float32,compiled,layernorm,full_step,wall,2091.072,2113.689625,1000,2,4.186707039999997
1,4096,4096,float32,compiled,layernorm,full_step,gpu_event,2018.8159942626953,2039.843213558197,1000,2,4.186707039999997
1,4096,4096,float32,compiled,layernorm,inference,wall,340.2541111111111,344.56244999999996,1000,9,3.0671178789999995
1,4096,4096,float32,compiled,layernorm,inference,gpu_event,327.92532444000244,330.97955915662976,1000,9,3.0671178789999995
1,512,1024,float32,eager,layernorm,training_forward,wall,81.27918965517242,83.74834482758621,1266,29,3.001263761000002
1,512,1024,float32,eager,layernorm,training_forward,gpu_event,75.52882720684183,77.85048361482292,1266,29,3.001263761000002
1,512,1024,float32,eager,layernorm,backward_retained,wall,288.9155,319.42407999999995,1019,10,3.000954585
1,512,1024,float32,eager,layernorm,backward_retained,gpu_event,265.3183937072754,294.71744298934937,1019,10,3.000954585
1,512,1024,float32,eager,layernorm,full_step,wall,436.1079285714286,474.64272857142856,1000,7,3.105434912000001
1,512,1024,float32,eager,layernorm,full_step,gpu_event,399.2137227739607,436.52387176241194,1000,7,3.105434912000001
1,512,1024,float32,eager,layernorm,inference,wall,71.94874999999999,74.17106944444444,1151,36,3.0015516319999977
1,512,1024,float32,eager,layernorm,inference,gpu_event,67.73066520690918,69.89955570962694,1151,36,3.0015516319999977
1,4096,1024,float32,compiled,layernorm,training_forward,wall,125.08905000000001,129.0058725,1190,20,3.0006214260000017
1,4096,1024,float32,compiled,layernorm,training_forward,gpu_event,119.46880221366882,123.4936797618866,1190,20,3.0006214260000017
1,4096,1024,float32,compiled,layernorm,backward_retained,wall,277.9466,302.67929,1075,10,3.00070458
1,4096,1024,float32,compiled,layernorm,backward_retained,gpu_event,257.63840675354004,281.7945599555969,1075,10,3.00070458
1,4096,1024,float32,compiled,layernorm,full_step,wall,504.27375000000006,564.5648083333333,1000,6,3.0549718249999995
1,4096,1024,float32,compiled,layernorm,full_step,gpu_event,482.23467667897546,541.3802564144135,1000,6,3.0549718249999995
1,4096,1024,float32,compiled,layernorm,inference,wall,79.68906666666666,83.31776666666666,1243,30,3.0002349059999998
1,4096,1024,float32,compiled,layernorm,inference,gpu_event,76.44906838734944,79.71498966217038,1243,30,3.0002349059999998
0,4096,1024,float32,compiled,rmsnorm,backward_retained,wall,277.02781818181813,302.397,1000,11,3.0608189050000005
0,4096,1024,float32,compiled,rmsnorm,backward_retained,gpu_event,258.3272673866966,282.92189836502075,1000,11,3.0608189050000005
0,4096,1024,float32,compiled,rmsnorm,full_step,wall,493.39450000000005,556.5538333333333,1005,6,3.0019476319999967
0,4096,1024,float32,compiled,rmsnorm,full_step,gpu_event,470.69867451985675,533.0901225407918,1005,6,3.0019476319999967
0,4096,1024,float32,compiled,rmsnorm,inference,wall,81.05783333333333,84.75789333333333,1225,30,3.0010171660000022
0,4096,1024,float32,compiled,rmsnorm,inference,gpu_event,77.7557373046875,81.09909216562907,1225,30,3.0010171660000022
0,4096,1024,float32,compiled,rmsnorm,training_forward,wall,123.10352380952381,127.37307619047618,1153,21,3.001172473999994
0,4096,1024,float32,compiled,rmsnorm,training_forward,gpu_event,117.80876205081032,121.90475917997814,1153,21,3.001172473999994
0,1,8192,bfloat16,compiled,rmsnorm,backward_retained,wall,254.1318333333333,270.20358749999997,1000,12,3.0614469409999994
0,1,8192,bfloat16,compiled,rmsnorm,backward_retained,gpu_event,235.94667514165243,251.99785828590393,1000,12,3.0614469409999994
0,1,8192,bfloat16,compiled,rmsnorm,full_step,wall,470.98900000000003,502.6976142857142,1000,7,3.309261997000002
0,1,8192,bfloat16,compiled,rmsnorm,full_step,gpu_event,451.7097132546561,483.03840671266823,1000,7,3.309261997000002
0,1,8192,bfloat16,compiled,rmsnorm,inference,wall,78.9629696969697,81.49772121212122,1147,33,3.0029166019999995
0,1,8192,bfloat16,compiled,rmsnorm,inference,gpu_event,75.9932127865878,78.52838617382628,1147,33,3.0029166019999995
0,1,8192,bfloat16,compiled,rmsnorm,training_forward,wall,119.2795652173913,123.32092608695655,1087,23,3.0009529990000052
0,1,8192,bfloat16,compiled,rmsnorm,training_forward,gpu_event,114.46539215419604,118.50727019102676,1087,23,3.0009529990000052
0,512,8192,float32,compiled,layernorm,backward_retained,wall,267.8618181818182,293.4089090909091,1013,11,3.0005617939999953
0,512,8192,float32,compiled,layernorm,backward_retained,gpu_event,249.29744547063655,274.89744533192027,1013,11,3.0005617939999953
0,512,8192,float32,compiled,layernorm,full_step,wall,475.6894285714286,520.4647214285715,1000,7,3.3568734879999997
0,512,8192,float32,compiled,layernorm,full_step,gpu_event,456.4845732280186,501.18217297962735,1000,7,3.3568734879999997
0,512,8192,float32,compiled,layernorm,inference,wall,79.84071875,82.89795781249998,1168,32,3.001164605000001
0,512,8192,float32,compiled,layernorm,inference,gpu_event,76.80000364780426,79.82564680278301,1168,32,3.001164605000001
0,512,8192,float32,compiled,layernorm,training_forward,wall,123.75965789473685,128.20573684210527,1268,19,3.000572202000003
0,512,8192,float32,compiled,layernorm,training_forward,gpu_event,117.9629501543547,122.26829717033787,1268,19,3.000572202000003
1,512,8192,bfloat16,compiled,layernorm,training_forward,wall,125.892525,129.94305000000003,1186,20,3.000288631999999
1,512,8192,bfloat16,compiled,layernorm,training_forward,gpu_event,120.36880254745483,124.31360483169556,1186,20,3.000288631999999
1,512,8192,bfloat16,compiled,layernorm,backward_retained,wall,274.9050454545455,302.6432772727273,1000,11,3.052416085000001
1,512,8192,bfloat16,compiled,layernorm,backward_retained,gpu_event,255.34835728732023,282.2702581232244,1000,11,3.052416085000001
1,512,8192,bfloat16,compiled,layernorm,full_step,wall,523.7510833333333,575.9799083333334,1000,6,3.179757352
1,512,8192,bfloat16,compiled,layernorm,full_step,gpu_event,501.23999516169226,553.4704188505808,1000,6,3.179757352
1,512,8192,bfloat16,compiled,layernorm,inference,wall,79.76087096774194,84.28809677419356,1202,31,3.0022406970000044
1,512,8192,bfloat16,compiled,layernorm,inference,gpu_event,76.6007746419599,80.63008900611631,1202,31,3.0022406970000044
1,512,1024,bfloat16,compiled,rmsnorm,training_forward,wall,123.459375,127.3143425,1208,20,3.000244475000003
1,512,1024,bfloat16,compiled,rmsnorm,training_forward,gpu_event,117.86240339279175,121.490478515625,1208,20,3.000244475000003
1,512,1024,bfloat16,compiled,rmsnorm,backward_retained,wall,269.38354545454547,290.0887272727273,1008,11,3.0015000529999996
1,512,1024,bfloat16,compiled,rmsnorm,backward_retained,gpu_event,249.80362978848544,268.9023960720409,1008,11,3.0015000529999996
1,512,1024,bfloat16,compiled,rmsnorm,full_step,wall,492.80316666666664,535.7015166666666,1007,6,3.0021512920000046
1,512,1024,bfloat16,compiled,rmsnorm,full_step,gpu_event,470.5280065536499,511.3061269124349,1007,6,3.0021512920000046
1,512,1024,bfloat16,compiled,rmsnorm,inference,wall,79.636,82.76870606060606,1135,33,3.000951484999999
1,512,1024,bfloat16,compiled,rmsnorm,inference,gpu_event,76.67006145824085,79.69444954034054,1135,33,3.000951484999999
1,4096,1024,float32,eager,rmsnorm,training_forward,wall,82.37276923076924,85.8328076923077,1393,26,3.001666672
1,4096,1024,float32,eager,rmsnorm,training_forward,gpu_event,75.22461506036612,78.7463408250075,1393,26,3.001666672
1,4096,1024,float32,eager,rmsnorm,backward_retained,wall,720.9103,730.984,1000,5,3.610837984999999
1,4096,1024,float32,eager,rmsnorm,backward_retained,gpu_event,662.3231887817383,666.6240215301514,1000,5,3.610837984999999
1,4096,1024,float32,eager,rmsnorm,full_step,wall,915.684,926.656125,1000,4,3.669463975000004
1,4096,1024,float32,eager,rmsnorm,full_step,gpu_event,845.0559973716736,847.8848189115524,1000,4,3.669463975000004
1,4096,1024,float32,eager,rmsnorm,inference,wall,81.56392857142858,82.96126249999999,1308,28,3.0018626320000066
1,4096,1024,float32,eager,rmsnorm,inference,gpu_event,75.41028942380633,76.21485846383231,1308,28,3.0018626320000066
1,1,1024,bfloat16,compiled,rmsnorm,training_forward,wall,119.24049999999998,123.36616818181817,1135,22,3.0003430879999975
1,1,1024,bfloat16,compiled,rmsnorm,training_forward,gpu_event,114.12945660677823,117.94152584942904,1135,22,3.0003430879999975
1,1,1024,bfloat16,compiled,rmsnorm,backward_retained,wall,252.784375,269.33275,1000,12,3.041781053999999
1,1,1024,bfloat16,compiled,rmsnorm,backward_retained,gpu_event,234.75199937820435,250.8234739303589,1000,12,3.041781053999999
1,1,1024,bfloat16,compiled,rmsnorm,full_step,wall,466.7342142857143,498.1748571428571,1000,7,3.2900209749999956
1,1,1024,bfloat16,compiled,rmsnorm,full_step,gpu_event,447.769148009164,477.92822292872836,1000,7,3.2900209749999956
1,1,1024,bfloat16,compiled,rmsnorm,inference,wall,78.73275,81.86864705882353,1112,34,3.000459687000007
1,1,1024,bfloat16,compiled,rmsnorm,inference,gpu_event,75.8362377391142,78.84799732881434,1112,34,3.000459687000007
0,32,8192,float32,compiled,layernorm,backward_retained,wall,244.68266666666668,264.46591666666666,1015,12,3.0008882530000016
0,32,8192,float32,compiled,layernorm,backward_retained,gpu_event,228.18134228388467,246.84160153071085,1015,12,3.0008882530000016
0,32,8192,float32,compiled,layernorm,full_step,wall,452.27164285714287,486.72656428571423,1000,7,3.1929968829999935
0,32,8192,float32,compiled,layernorm,full_step,gpu_event,433.4445680890764,466.37485197612216,1000,7,3.1929968829999935
0,32,8192,float32,compiled,layernorm,inference,wall,78.2119090909091,81.28384848484848,1156,33,3.001295432999999
0,32,8192,float32,compiled,layernorm,inference,gpu_event,75.27612194870457,78.38060639121316,1156,33,3.001295432999999
0,32,8192,float32,compiled,layernorm,training_forward,wall,123.97777272727272,127.71231818181818,1094,22,3.0021826889999987
0,32,8192,float32,compiled,layernorm,training_forward,gpu_event,118.92363158139315,122.594107281078,1094,22,3.0021826889999987
1,1,8192,float32,eager,rmsnorm,training_forward,wall,58.58629487179488,60.13333717948718,1304,39,3.002027202999998
1,1,8192,float32,eager,rmsnorm,training_forward,gpu_event,53.904411120292465,55.506052115024666,1304,39,3.002027202999998
1,1,8192,float32,eager,rmsnorm,backward_retained,wall,245.54524999999998,265.55775,1006,12,3.0032322619999965
1,1,8192,float32,eager,rmsnorm,backward_retained,gpu_event,225.79199075698853,244.26665902137756,1006,12,3.0032322619999965
1,1,8192,float32,eager,rmsnorm,full_step,wall,355.8679375,385.734125,1040,8,3.0024450869999986
1,1,8192,float32,eager,rmsnorm,full_step,gpu_event,322.9439854621887,350.98879039287567,1040,8,3.0024450869999986
1,1,8192,float32,eager,rmsnorm,inference,wall,52.12015555555555,53.59061222222223,1272,45,3.0007125760000015
1,1,8192,float32,eager,rmsnorm,inference,gpu_event,48.40106434292264,49.811908933851456,1272,45,3.0007125760000015
0,512,4096,float32,eager,layernorm,backward_retained,wall,299.45439999999996,331.82539999999995,1000,10,3.059052827999996
0,512,4096,float32,eager,layernorm,backward_retained,gpu_event,275.65120458602905,307.5169551372528,1000,10,3.059052827999996
0,512,4096,float32,eager,layernorm,full_step,wall,448.5148571428572,502.86343571428563,1000,7,3.2019706799999974
0,512,4096,float32,eager,layernorm,full_step,gpu_event,411.0628536769322,463.429023538317,1000,7,3.2019706799999974
0,512,4096,float32,eager,layernorm,inference,wall,74.20306451612903,76.30686774193548,1299,31,3.002125043999996
0,512,4096,float32,eager,layernorm,inference,gpu_event,69.23560942372968,71.31953239440918,1299,31,3.002125043999996
0,512,4096,float32,eager,layernorm,training_forward,wall,84.48501851851852,86.81685185185184,1308,27,3.0021614370000065
0,512,4096,float32,eager,layernorm,training_forward,gpu_event,78.23229719091344,80.47958744896782,1308,27,3.0021614370000065
0,512,4096,bfloat16,native,layernorm,backward_retained,wall,151.80877777777778,167.35878055555554,1080,18,3.0007664129999982
0,512,4096,bfloat16,native,layernorm,backward_retained,gpu_event,120.83200613657634,134.49102640151975,1080,18,3.0007664129999982
0,512,4096,bfloat16,native,layernorm,full_step,wall,239.73762499999998,263.83139583333326,1024,12,3.0009835919999985
0,512,4096,bfloat16,native,layernorm,full_step,gpu_event,209.10133918126422,230.88107208410898,1024,12,3.0009835919999985
0,512,4096,bfloat16,native,layernorm,inference,wall,13.418725274725276,13.915571428571429,2437,91,3.000129343000008
0,512,4096,bfloat16,native,layernorm,inference,gpu_event,10.56421982063042,11.049353421389402,2437,91,3.000129343000008
0,512,4096,bfloat16,native,layernorm,training_forward,wall,13.239827956989245,13.659182795698925,2421,93,3.000823554999999
0,512,4096,bfloat16,native,layernorm,training_forward,gpu_event,10.493247098820184,10.90064484585998,2421,93,3.000823554999999
0,32,1024,float32,compiled,layernorm,backward_retained,wall,242.43461538461537,260.31107692307694,1000,13,3.172058005999998
0,32,1024,float32,compiled,layernorm,backward_retained,gpu_event,227.09169754615198,244.97968692045944,1000,13,3.172058005999998
0,32,1024,float32,compiled,layernorm,full_step,wall,445.84285714285716,474.2799285714286,1000,7,3.133707121000004
0,32,1024,float32,compiled,layernorm,full_step,gpu_event,427.0811591829572,455.2539348602295,1000,7,3.133707121000004
0,32,1024,float32,compiled,layernorm,inference,wall,78.00442424242424,81.73472272727271,1158,33,3.000702581
0,32,1024,float32,compiled,layernorm,inference,gpu_event,75.09333437139338,78.4177921035073,1158,33,3.000702581
0,32,1024,float32,compiled,layernorm,training_forward,wall,121.04817391304348,124.64380434782608,1071,23,3.001197190999998
0,32,1024,float32,compiled,layernorm,training_forward,gpu_event,116.24626491380775,119.71756686335024,1071,23,3.001197190999998
1,32,4096,float32,native,layernorm,training_forward,wall,12.84036842105263,13.303334736842105,2438,95,3.0001748060000084
1,32,4096,float32,native,layernorm,training_forward,gpu_event,10.110652446746826,10.572277746702495,2438,95,3.0001748060000084
1,32,4096,float32,native,layernorm,backward_retained,wall,137.77259999999998,156.15925,1081,20,3.000921321999999
1,32,4096,float32,native,layernorm,backward_retained,gpu_event,110.48159599304199,126.71999931335449,1081,20,3.000921321999999
1,32,4096,float32,native,layernorm,full_step,wall,199.2271333333333,216.73197333333331,1000,15,3.0324964149999984
1,32,4096,float32,native,layernorm,full_step,gpu_event,167.83253351847333,183.2311431566874,1000,15,3.0324964149999984
1,32,4096,float32,native,layernorm,inference,wall,12.834495,13.3219105,2320,100,3.0001335859999974
1,32,4096,float32,native,layernorm,inference,gpu_event,10.188800096511843,10.629119873046875,2320,100,3.0001335859999974
1,32,8192,bfloat16,eager,layernorm,training_forward,wall,111.08800000000001,114.34110238095238,1278,21,3.001920908000002
1,32,8192,bfloat16,eager,layernorm,training_forward,gpu_event,102.20494724455334,105.32594010943458,1278,21,3.001920908000002
1,32,8192,bfloat16,eager,layernorm,backward_retained,wall,336.44772222222224,366.64756111111114,1000,9,3.0659696110000008
1,32,8192,bfloat16,eager,layernorm,backward_retained,gpu_event,312.0924366845025,341.99536773893567,1000,9,3.0659696110000008
1,32,8192,bfloat16,eager,layernorm,full_step,wall,537.0951666666667,588.7590166666666,1000,6,3.2785251160000053
1,32,8192,bfloat16,eager,layernorm,full_step,gpu_event,503.54399283727014,554.0093223253886,1000,6,3.2785251160000053
1,32,8192,bfloat16,eager,layernorm,inference,wall,96.89232692307692,99.84680769230769,1184,26,3.002074508999998
1,32,8192,bfloat16,eager,layernorm,inference,gpu_event,90.42707773355338,93.01532598642203,1184,26,3.002074508999998
1,4096,4096,float32,native,rmsnorm,training_forward,wall,325.70394444444446,329.30976666666663,1022,9,3.0025851789999978
1,4096,4096,float32,native,rmsnorm,training_forward,gpu_event,305.72088559468585,306.51733610365125,1022,9,3.0025851789999978
1,4096,4096,float32,native,rmsnorm,backward_retained,wall,1258.6303333333333,1284.7001500000001,1000,3,3.786640599000001
1,4096,4096,float32,native,rmsnorm,backward_retained,gpu_event,1084.0746561686199,1087.829351425171,1000,3,3.786640599000001
1,4096,4096,float32,native,rmsnorm,full_step,wall,2224.20725,2265.012825,1000,2,4.458621452000005
1,4096,4096,float32,native,rmsnorm,full_step,gpu_event,1970.6879854202273,1977.344036102295,1000,2,4.458621452000005
1,4096,4096,float32,native,rmsnorm,inference,wall,324.5011,327.207615,1000,10,3.251114245999997
1,4096,4096,float32,native,rmsnorm,inference,gpu_event,305.7663917541504,306.48319721221924,1000,10,3.251114245999997
0,1,4096,float32,compiled,rmsnorm,backward_retained,wall,237.7116666666667,254.45145833333333,1047,12,3.002499853999993
0,1,4096,float32,compiled,rmsnorm,backward_retained,gpu_event,221.18399540583292,237.0901306470235,1047,12,3.002499853999993
0,1,4096,float32,compiled,rmsnorm,full_step,wall,430.8102142857143,458.64408571428567,1000,7,3.031838364999996
0,1,4096,float32,compiled,rmsnorm,full_step,gpu_event,411.64800098964145,439.27884783063615,1000,7,3.031838364999996
0,1,4096,float32,compiled,rmsnorm,inference,wall,77.1820909090909,80.29490909090909,1171,33,3.0003012870000023
0,1,4096,float32,compiled,rmsnorm,inference,gpu_event,74.25551703481963,77.19951687437116,1171,33,3.0003012870000023
0,1,4096,float32,compiled,rmsnorm,training_forward,wall,115.24379166666667,118.60337499999999,1079,24,3.001918508999997
0,1,4096,float32,compiled,rmsnorm,training_forward,gpu_event,110.75866222381592,113.96693686644235,1079,24,3.001918508999997
1,4096,4096,bfloat16,compiled,layernorm,training_forward,wall,169.27573333333333,172.23970666666668,1177,15,3.000866221999999
1,4096,4096,bfloat16,compiled,layernorm,training_forward,gpu_event,161.36320432027182,163.96971066792804,1177,15,3.000866221999999
1,4096,4096,bfloat16,compiled,layernorm,backward_retained,wall,1077.7443333333333,1090.1533666666667,1000,3,3.2391720139999998
1,4096,4096,bfloat16,compiled,layernorm,backward_retained,gpu_event,1000.4479885101318,1005.2698413530986,1000,3,3.2391720139999998
1,4096,4096,bfloat16,compiled,layernorm,full_step,wall,2400.8450000000003,2436.684375,1000,2,4.818675937000006
1,4096,4096,bfloat16,compiled,layernorm,full_step,gpu_event,2328.57608795166,2354.6879291534424,1000,2,4.818675937000006
1,4096,4096,bfloat16,compiled,layernorm,inference,wall,164.7301875,167.25507812499998,1136,16,3.0020968069999987
1,4096,4096,bfloat16,compiled,layernorm,inference,gpu_event,158.02299976348877,160.19199788570404,1136,16,3.0020968069999987
1,512,4096,float32,native,layernorm,training_forward,wall,16.405363013698633,17.683170547945206,2472,73,3.000984171000005
1,512,4096,float32,native,layernorm,training_forward,gpu_event,12.90520576581563,14.15116697141569,2472,73,3.000984171000005
1,512,4096,float32,native,layernorm,backward_retained,wall,140.51710526315787,164.10516315789474,1095,19,3.002107418000001
1,512,4096,float32,native,layernorm,backward_retained,gpu_event,112.20884323120117,131.7025674016852,1095,19,3.002107418000001
1,512,4096,float32,native,layernorm,full_step,wall,204.63378571428572,224.31251428571426,1029,14,3.000314920000001
1,512,4096,float32,native,layernorm,full_step,gpu_event,171.95885522024972,190.58880465371266,1029,14,3.000314920000001
1,512,4096,float32,native,layernorm,inference,wall,16.329024999999998,17.4213625,2275,80,3.000087167000003
1,512,4096,float32,native,layernorm,inference,gpu_event,13.019199669361115,13.955840468406674,2275,80,3.000087167000003
0,32,4096,float32,native,rmsnorm,backward_retained,wall,143.67180000000002,154.957405,1043,20,3.001679811999996
0,32,4096,float32,native,rmsnorm,backward_retained,gpu_event,115.60959815979004,125.54880261421202,1043,20,3.001679811999996
0,32,4096,float32,native,rmsnorm,full_step,wall,203.24957142857144,222.21190714285711,1039,14,3.0008175009999984
0,32,4096,float32,native,rmsnorm,full_step,gpu_event,170.3360080718994,186.73372268676758,1039,14,3.0008175009999984
0,32,4096,float32,native,rmsnorm,inference,wall,12.585066666666666,13.04625,2256,105,3.000796365000001
0,32,4096,float32,native,rmsnorm,inference,gpu_event,10.064152308872767,10.502857537496658,2256,105,3.000796365000001
0,32,4096,float32,native,rmsnorm,training_forward,wall,12.703133333333334,13.170994285714286,2233,105,3.001229538000005
0,32,4096,float32,native,rmsnorm,training_forward,gpu_event,10.152228673299154,10.600838207063221,2233,105,3.001229538000005
0,1,4096,bfloat16,native,layernorm,backward_retained,wall,149.90984210526318,162.46565263157893,1039,19,3.0018075759999983
0,1,4096,bfloat16,native,layernorm,backward_retained,gpu_event,121.10147978130139,132.2137293062712,1039,19,3.0018075759999983
0,1,4096,bfloat16,native,layernorm,full_step,wall,227.2633076923077,246.69877307692303,1002,13,3.0016603819999967
0,1,4096,bfloat16,native,layernorm,full_step,gpu_event,199.60615268120398,217.88947949042688,1002,13,3.0016603819999967
0,1,4096,bfloat16,native,layernorm,inference,wall,12.454227722772277,13.01108415841584,2366,101,3.0009881900000064
0,1,4096,bfloat16,native,layernorm,inference,gpu_event,9.874851691840899,10.371801876785732,2366,101,3.0009881900000064
0,1,4096,bfloat16,native,layernorm,training_forward,wall,12.314192307692307,12.776336538461539,2323,104,3.0009097989999955
0,1,4096,bfloat16,native,layernorm,training_forward,gpu_event,9.83630808500143,10.259692485515888,2323,104,3.0009097989999955
0,32,8192,bfloat16,native,layernorm,backward_retained,wall,150.89968421052632,165.64530789473685,1030,19,3.0007926200000026
0,32,8192,bfloat16,native,layernorm,backward_retained,gpu_event,121.81642180994938,134.666697602523,1030,19,3.0007926200000026
0,32,8192,bfloat16,native,layernorm,full_step,wall,236.04534615384617,259.5402307692308,1000,13,3.1264418780000027
0,32,8192,bfloat16,native,layernorm,full_step,gpu_event,207.3993866260235,228.66707581740158,1000,13,3.1264418780000027
0,32,8192,bfloat16,native,layernorm,inference,wall,13.643005952380953,14.182940476190478,2600,84,3.0009894290000036
0,32,8192,bfloat16,native,layernorm,inference,gpu_event,10.486666645322527,11.00800009000869,2600,84,3.0009894290000036
0,32,8192,bfloat16,native,layernorm,training_forward,wall,13.5305,14.072843452380953,2618,84,3.0007450499999977
0,32,8192,bfloat16,native,layernorm,training_forward,gpu_event,10.40038111664,10.899866904531207,2618,84,3.0007450499999977
1,512,8192,bfloat16,eager,layernorm,training_forward,wall,189.4227857142857,194.23435714285714,1125,14,3.0007318280000006
1,512,8192,bfloat16,eager,layernorm,training_forward,gpu_event,175.55429254259383,180.0630841936384,1125,14,3.0007318280000006
1,512,8192,bfloat16,eager,layernorm,backward_retained,wall,848.3251250000001,861.7382875,1000,4,3.400341265000001
1,512,8192,bfloat16,eager,layernorm,backward_retained,gpu_event,774.399995803833,780.5439829826355,1000,4,3.400341265000001
1,512,8192,bfloat16,eager,layernorm,full_step,wall,1111.2408333333333,1131.16,1000,3,3.3469297799999995
1,512,8192,bfloat16,eager,layernorm,full_step,gpu_event,1042.1599944432576,1055.077874660492,1000,3,3.3469297799999995
1,512,8192,bfloat16,eager,layernorm,inference,wall,187.0151666666667,189.74009999999998,1066,15,3.0006776849999968
1,512,8192,bfloat16,eager,layernorm,inference,gpu_event,175.17226537068686,177.20319827397662,1066,15,3.0006776849999968
1,1,8192,float32,eager,layernorm,training_forward,wall,79.901203125,82.065953125,1166,32,3.0014757459999983
1,1,8192,float32,eager,layernorm,training_forward,gpu_event,74.78400319814682,76.76800340414047,1166,32,3.0014757459999983
1,1,8192,float32,eager,layernorm,backward_retained,wall,281.8541818181818,306.9247818181818,1000,11,3.1478376460000006
1,1,8192,float32,eager,layernorm,backward_retained,gpu_event,260.1890997453169,284.03999588706273,1000,11,3.1478376460000006
1,1,8192,float32,eager,layernorm,full_step,wall,423.1402857142857,460.71587857142856,1000,7,3.0096480519999975
1,1,8192,float32,eager,layernorm,full_step,gpu_event,387.4308552060809,423.5190749168396,1000,7,3.0096480519999975
1,1,8192,float32,eager,layernorm,inference,wall,70.4354857142857,72.69314285714286,1209,35,3.0011109179999984
1,1,8192,float32,eager,layernorm,inference,gpu_event,66.12754549298968,68.27593258449009,1209,35,3.0011109179999984
1,32,4096,float32,eager,layernorm,training_forward,wall,81.43787096774194,83.94125806451613,1181,31,3.0019151550000016
1,32,4096,float32,eager,layernorm,training_forward,gpu_event,76.04026025341403,78.47845169805711,1181,31,3.0019151550000016
1,32,4096,float32,eager,layernorm,backward_retained,wall,294.634,322.62367,1003,10,3.000790031999998
1,32,4096,float32,eager,layernorm,backward_retained,gpu_event,270.95038890838623,296.81984186172485,1003,10,3.000790031999998
1,32,4096,float32,eager,layernorm,full_step,wall,439.66599999999994,480.04159999999996,1000,7,3.133584329000006
1,32,4096,float32,eager,layernorm,full_step,gpu_event,402.5965588433402,440.1883568082537,1000,7,3.133584329000006
1,32,4096,float32,eager,layernorm,inference,wall,72.31006944444444,74.36531944444445,1146,36,3.0015292719999977
1,32,4096,float32,eager,layernorm,inference,gpu_event,68.067557281918,69.99466982152727,1146,36,3.0015292719999977
0,4096,1024,bfloat16,eager,layernorm,backward_retained,wall,846.2955,859.9132500000001,1000,4,3.392219134000001
0,4096,1024,bfloat16,eager,layernorm,backward_retained,gpu_event,769.536018371582,777.728021144867,1000,4,3.392219134000001
0,4096,1024,bfloat16,eager,layernorm,full_step,wall,1115.7623333333333,1131.7354333333333,1000,3,3.358341715000001
0,4096,1024,bfloat16,eager,layernorm,full_step,gpu_event,1047.210693359375,1058.4912300109863,1000,3,3.358341715000001
0,4096,1024,bfloat16,eager,layernorm,inference,wall,185.96386666666666,188.37586666666667,1073,15,3.0024151699999964
0,4096,1024,bfloat16,eager,layernorm,inference,gpu_event,174.28480784098306,176.1280059814453,1073,15,3.0024151699999964
0,4096,1024,bfloat16,eager,layernorm,training_forward,wall,187.1026,190.23337333333333,1065,15,3.000530254
0,4096,1024,bfloat16,eager,layernorm,training_forward,gpu_event,174.3402640024821,176.31743748982746,1065,15,3.000530254
0,512,8192,bfloat16,native,layernorm,backward_retained,wall,178.72084615384614,192.0353153846154,1279,13,3.0018357750000026
0,512,8192,bfloat16,native,layernorm,backward_retained,gpu_event,135.87692150702844,146.2013528897212,1279,13,3.0018357750000026
0,512,8192,bfloat16,native,layernorm,full_step,wall,299.44044444444444,316.75466111111103,1100,9,3.0015489719999993
0,512,8192,bfloat16,native,layernorm,full_step,gpu_event,257.47911135355633,273.28641017278034,1100,9,3.0015489719999993
0,512,8192,bfloat16,native,layernorm,inference,wall,18.27251948051948,18.77995,2118,77,3.000299467000001
0,512,8192,bfloat16,native,layernorm,inference,gpu_event,14.761557826748142,14.894545852363883,2118,77,3.000299467000001
0,512,8192,bfloat16,native,layernorm,training_forward,wall,18.274094594594594,18.695716216216216,2205,74,3.0001418510000013
0,512,8192,bfloat16,native,layernorm,training_forward,gpu_event,14.695784530124149,14.859243019207105,2205,74,3.0001418510000013
1,32,4096,bfloat16,native,rmsnorm,training_forward,wall,12.821468085106384,13.320570212765956,2470,94,3.000999037000001
1,32,4096,bfloat16,native,rmsnorm,training_forward,gpu_event,10.033021581933854,10.47148920120077,2470,94,3.000999037000001
1,32,4096,bfloat16,native,rmsnorm,backward_retained,wall,155.52478947368422,167.57603157894735,1004,19,3.001201240999999
1,32,4096,bfloat16,native,rmsnorm,backward_retained,gpu_event,125.78441594776353,136.49919785951312,1004,19,3.001201240999999
1,32,4096,bfloat16,native,rmsnorm,full_step,wall,240.37065384615383,263.12338846153847,1000,13,3.169926167000001
1,32,4096,bfloat16,native,rmsnorm,full_step,gpu_event,211.53599482316235,232.87581388766947,1000,13,3.169926167000001
1,32,4096,bfloat16,native,rmsnorm,inference,wall,13.131763157894738,13.604722631578948,2388,95,3.000315358000001
1,32,4096,bfloat16,native,rmsnorm,inference,gpu_event,10.304673721915798,10.744252957795796,2388,95,3.000315358000001
0,512,8192,float32,compiled,rmsnorm,backward_retained,wall,268.5073636363636,299.86672727272725,1010,11,3.0012369220000013
0,512,8192,float32,compiled,rmsnorm,backward_retained,gpu_event,250.32145326787776,280.659923770211,1010,11,3.0012369220000013
0,512,8192,float32,compiled,rmsnorm,full_step,wall,471.6507142857143,519.8914357142856,1000,7,3.3266342890000016
0,512,8192,float32,compiled,rmsnorm,full_step,gpu_event,452.31543268476213,500.75657027108326,1000,7,3.3266342890000016
0,512,8192,float32,compiled,rmsnorm,inference,wall,77.3449090909091,80.24245454545454,1169,33,3.0002723390000017
0,512,8192,float32,compiled,rmsnorm,inference,gpu_event,74.44170027068166,77.26312839623654,1169,33,3.0002723390000017
0,512,8192,float32,compiled,rmsnorm,training_forward,wall,118.55330434782609,122.53682608695651,1093,23,3.0017254400000053
0,512,8192,float32,compiled,rmsnorm,training_forward,gpu_event,113.7975609820822,117.66622792119563,1093,23,3.0017254400000053
1,32,1024,float32,native,rmsnorm,training_forward,wall,12.421673267326732,12.891321782178217,2376,101,3.001222220000003
1,32,1024,float32,native,rmsnorm,training_forward,gpu_event,9.783762516361652,10.20388142897351,2376,101,3.001222220000003
1,32,1024,float32,native,rmsnorm,backward_retained,wall,142.50076470588235,154.89994705882353,1239,17,3.0012443450000017
1,32,1024,float32,native,rmsnorm,backward_retained,gpu_event,110.65223637749168,121.32592762217801,1239,17,3.0012443450000017
1,32,1024,float32,native,rmsnorm,full_step,wall,200.66413333333333,220.72458666666662,1000,15,3.051600103999999
1,32,1024,float32,native,rmsnorm,full_step,gpu_event,167.25866794586182,186.36202732721964,1000,15,3.051600103999999
1,32,1024,float32,native,rmsnorm,inference,wall,12.49600900900901,12.953935135135136,2147,111,3.001013120000002
1,32,1024,float32,native,rmsnorm,inference,gpu_event,10.092108099310249,10.51277867308608,2147,111,3.001013120000002
1,1,1024,bfloat16,compiled,layernorm,training_forward,wall,119.55453333333332,124.84041666666667,1660,15,3.0008787069999925
1,1,1024,bfloat16,compiled,layernorm,training_forward,gpu_event,112.16533184051514,116.94080034891765,1660,15,3.0008787069999925
1,1,1024,bfloat16,compiled,layernorm,backward_retained,wall,250.56725,271.1890208333333,1000,12,3.017819413000002
1,1,1024,bfloat16,compiled,layernorm,backward_retained,gpu_event,232.9426606496175,251.82225704193115,1000,12,3.017819413000002
1,1,1024,bfloat16,compiled,layernorm,full_step,wall,469.3045,500.98276428571427,1000,7,3.307701880999999
1,1,1024,bfloat16,compiled,layernorm,full_step,gpu_event,450.37943976266047,479.6768069267273,1000,7,3.307701880999999
1,1,1024,bfloat16,compiled,layernorm,inference,wall,76.00845588235293,78.99138235294117,1154,34,3.0025764949999942
1,1,1024,bfloat16,compiled,layernorm,inference,gpu_event,73.21505686816047,76.01693798513973,1154,34,3.0025764949999942
1,4096,8192,float32,eager,rmsnorm,training_forward,wall,2231.8810000000003,2245.9489,1000,2,4.468731891000004
1,4096,8192,float32,eager,rmsnorm,training_forward,gpu_event,2135.040044784546,2139.1360759735107,1000,2,4.468731891000004
1,4096,8192,float32,eager,rmsnorm,backward_retained,wall,8490.0645,8539.49055,1000,1,8.496586213
1,4096,8192,float32,eager,rmsnorm,backward_retained,gpu_event,8195.072174072266,8209.407806396484,1000,1,8.496586213
1,4096,8192,float32,eager,rmsnorm,full_step,wall,11831.129,11884.606950000001,1000,1,11.838020339000002
1,4096,8192,float32,eager,rmsnorm,full_step,gpu_event,11532.28759765625,11551.74446105957,1000,1,11.838020339000002
1,4096,8192,float32,eager,rmsnorm,inference,wall,2223.13325,2238.3199,1000,2,4.452872890000001
1,4096,8192,float32,eager,rmsnorm,inference,gpu_event,2134.6319913864136,2139.0735387802124,1000,2,4.452872890000001
0,1,8192,float32,compiled,layernorm,backward_retained,wall,240.60933333333332,257.9416166666667,1033,12,3.0001985570000014
0,1,8192,float32,compiled,layernorm,backward_retained,gpu_event,224.1706649462382,240.48107067743936,1033,12,3.0001985570000014
0,1,8192,float32,compiled,layernorm,full_step,wall,440.2028571428571,469.76328571428564,1000,7,3.0983683709999985
0,1,8192,float32,compiled,layernorm,full_step,gpu_event,421.4491503579276,449.5433296476092,1000,7,3.0983683709999985
0,1,8192,float32,compiled,layernorm,inference,wall,77.14614705882353,79.78945882352942,1139,34,3.0008019410000015
0,1,8192,float32,compiled,layernorm,inference,gpu_event,74.27011517917408,76.83313243529375,1139,34,3.0008019410000015
0,1,8192,float32,compiled,layernorm,training_forward,wall,117.73133333333332,121.96780416666665,1055,24,3.001462699999997
0,1,8192,float32,compiled,layernorm,training_forward,gpu_event,113.19466431935628,117.1157310406367,1055,24,3.001462699999997
0,1,4096,bfloat16,eager,layernorm,backward_retained,wall,333.6015,363.2307333333333,1000,9,3.0495027119999967
0,1,4096,bfloat16,eager,layernorm,backward_retained,gpu_event,306.24000231424964,333.4940407011244,1000,9,3.0495027119999967
0,1,4096,bfloat16,eager,layernorm,full_step,wall,519.2683333333333,563.0801416666665,1000,6,3.1633922049999965
0,1,4096,bfloat16,eager,layernorm,full_step,gpu_event,486.57067616780597,530.6402583916982,1000,6,3.1633922049999965
0,1,4096,bfloat16,eager,layernorm,inference,wall,93.36257142857141,96.34489285714287,1141,28,3.001843621999996
0,1,4096,bfloat16,eager,layernorm,inference,gpu_event,87.50971726008824,90.11199644633702,1141,28,3.001843621999996
0,1,4096,bfloat16,eager,layernorm,training_forward,wall,108.39192,111.272112,1102,25,3.0004021850000027
0,1,4096,bfloat16,eager,layernorm,training_forward,gpu_event,101.09888076782227,103.90617847442627,1102,25,3.0004021850000027
0,1,1024,bfloat16,native,layernorm,backward_retained,wall,149.89852631578947,160.2452105263158,1041,19,3.0004777639999975
0,1,1024,bfloat16,native,layernorm,backward_retained,gpu_event,120.99368948685496,129.82399840103952,1041,19,3.0004777639999975
0,1,1024,bfloat16,native,layernorm,full_step,wall,231.11026923076923,251.79823076923077,1000,13,3.038871412000003
0,1,1024,bfloat16,native,layernorm,full_step,gpu_event,203.7070714510404,223.13094780995291,1000,13,3.038871412000003
0,1,1024,bfloat16,native,layernorm,inference,wall,12.325,12.815736274509804,2370,102,3.001010719999999
0,1,1024,bfloat16,native,layernorm,inference,gpu_event,9.757490134706684,10.18980437634038,2370,102,3.001010719999999
0,1,1024,bfloat16,native,layernorm,training_forward,wall,12.134063725490197,12.594887254901959,2406,102,3.001141561999998
0,1,1024,bfloat16,native,layernorm,training_forward,gpu_event,9.597490231196087,10.019137578852035,2406,102,3.001141561999998
0,4096,8192,float32,native,rmsnorm,backward_retained,wall,2629.4925000000003,2664.4844,1000,2,5.265883071000002
0,4096,8192,float32,native,rmsnorm,backward_retained,gpu_event,2430.975914001465,2436.5929007530212,1000,2,5.265883071000002
0,4096,8192,float32,native,rmsnorm,full_step,wall,4709.677,4759.63825,1000,1,4.717810161999993
0,4096,8192,float32,native,rmsnorm,full_step,gpu_event,4385.648012161255,4397.056102752686,1000,1,4.717810161999993
0,4096,8192,float32,native,rmsnorm,inference,wall,778.3860000000001,783.8357,1000,4,3.117355171000001
0,4096,8192,float32,native,rmsnorm,inference,gpu_event,744.4480061531067,746.7520236968994,1000,4,3.117355171000001
0,4096,8192,float32,native,rmsnorm,training_forward,wall,778.7571250000001,784.2095250000001,1000,4,3.118504196
0,4096,8192,float32,native,rmsnorm,training_forward,gpu_event,744.704008102417,747.0080256462097,1000,4,3.118504196
0,1,8192,bfloat16,eager,rmsnorm,backward_retained,wall,292.8979,318.24070000000006,1008,10,3.0005687679999995
0,1,8192,bfloat16,eager,rmsnorm,backward_retained,gpu_event,267.6800012588501,291.18768334388733,1008,10,3.0005687679999995
0,1,8192,bfloat16,eager,rmsnorm,full_step,wall,460.115,497.8949214285714,1000,7,3.2728633189999954
0,1,8192,bfloat16,eager,rmsnorm,full_step,gpu_event,421.801141330174,456.28708600997925,1000,7,3.2728633189999954
0,1,8192,bfloat16,eager,rmsnorm,inference,wall,74.15872727272728,76.77869696969697,1246,33,3.000331395999999
0,1,8192,bfloat16,eager,rmsnorm,inference,gpu_event,69.63200280160615,72.16097008098255,1246,33,3.000331395999999
0,1,8192,bfloat16,eager,rmsnorm,training_forward,wall,87.11683333333333,89.34313333333334,1141,30,3.001289792999997
0,1,8192,bfloat16,eager,rmsnorm,training_forward,gpu_event,80.45226732889812,82.49493439992268,1141,30,3.001289792999997
0,512,4096,float32,compiled,rmsnorm,backward_retained,wall,251.14350000000002,271.5915,1000,12,3.0252106670000005
0,512,4096,float32,compiled,rmsnorm,backward_retained,gpu_event,234.58133141199747,254.12587424119315,1000,12,3.0252106670000005
0,512,4096,float32,compiled,rmsnorm,full_step,wall,466.74499999999995,509.1278083333333,1064,6,3.0004592460000037
0,512,4096,float32,compiled,rmsnorm,full_step,gpu_event,444.2453384399414,484.94881192843116,1064,6,3.0004592460000037
0,512,4096,float32,compiled,rmsnorm,inference,wall,82.5136129032258,92.47174193548385,1149,31,3.000747661999995
0,512,4096,float32,compiled,rmsnorm,inference,gpu_event,79.24439061072565,87.95169091993762,1149,31,3.000747661999995
0,512,4096,float32,compiled,rmsnorm,training_forward,wall,122.14418181818182,127.64303181818181,1107,22,3.002087070000003
0,512,4096,float32,compiled,rmsnorm,training_forward,gpu_event,117.09527535872026,122.08872491663152,1107,22,3.002087070000003
0,32,4096,bfloat16,compiled,rmsnorm,backward_retained,wall,264.6459090909091,285.9145272727273,1025,11,3.0005836089999987
0,32,4096,bfloat16,compiled,rmsnorm,backward_retained,gpu_event,243.05163730274546,262.777025049383,1025,11,3.0005836089999987
0,32,4096,bfloat16,compiled,rmsnorm,full_step,wall,502.55975,541.9750250000001,1000,6,3.034602948999998
0,32,4096,bfloat16,compiled,rmsnorm,full_step,gpu_event,476.58667961756385,515.4303908348083,1000,6,3.034602948999998
0,32,4096,bfloat16,compiled,rmsnorm,inference,wall,81.34203124999999,84.8423984375,1146,32,3.0009064630000037
0,32,4096,bfloat16,compiled,rmsnorm,inference,gpu_event,77.91999727487564,81.15074969828129,1146,32,3.0009064630000037
0,32,4096,bfloat16,compiled,rmsnorm,training_forward,wall,123.98234090909091,129.200975,1092,22,3.0020762170000004
0,32,4096,bfloat16,compiled,rmsnorm,training_forward,gpu_event,118.36509271101518,123.31985072656111,1092,22,3.0020762170000004
1,512,4096,float32,eager,layernorm,training_forward,wall,80.21525862068965,83.80142413793104,1310,29,3.000521295999999
1,512,4096,float32,eager,layernorm,training_forward,gpu_event,75.84662273012358,78.74449655927461,1310,29,3.000521295999999
1,512,4096,float32,eager,layernorm,backward_retained,wall,301.8738636363636,330.0081909090909,1000,11,3.358364472999999
1,512,4096,float32,eager,layernorm,backward_retained,gpu_event,280.2967374975031,304.2210882360285,1000,11,3.358364472999999
1,512,4096,float32,eager,layernorm,full_step,wall,443.5517857142857,489.17384285714274,1000,7,3.16231636
1,512,4096,float32,eager,layernorm,full_step,gpu_event,406.2354224068778,450.7209062576294,1000,7,3.16231636
1,512,4096,float32,eager,layernorm,inference,wall,73.30054838709677,75.42214516129032,1315,31,3.0018805139999944
1,512,4096,float32,eager,layernorm,inference,gpu_event,68.37677186535251,70.39525355062177,1315,31,3.0018805139999944
1,4096,8192,bfloat16,eager,rmsnorm,training_forward,wall,3224.1535,3299.6444,1000,1,3.2427724730000027
1,4096,8192,bfloat16,eager,rmsnorm,training_forward,gpu_event,3049.4720935821533,3057.6032161712646,1000,1,3.2427724730000027
1,4096,8192,bfloat16,eager,rmsnorm,backward_retained,wall,9976.0085,10075.207999999999,1000,1,9.986933312000005
1,4096,8192,bfloat16,eager,rmsnorm,backward_retained,gpu_event,9563.136100769043,9579.520225524902,1000,1,9.986933312000005
1,4096,8192,bfloat16,eager,rmsnorm,full_step,wall,15042.9575,15131.34485,1000,1,15.030784384999992
1,4096,8192,bfloat16,eager,rmsnorm,full_step,gpu_event,14730.144023895264,14753.791809082031,1000,1,15.030784384999992
1,4096,8192,bfloat16,eager,rmsnorm,inference,wall,3137.387,3197.9651,1000,1,3.149549955999997
1,4096,8192,bfloat16,eager,rmsnorm,inference,gpu_event,3049.4720935821533,3057.663917541504,1000,1,3.149549955999997
1,4096,4096,bfloat16,compiled,rmsnorm,training_forward,wall,171.244125,174.2064125,1093,16,3.002179145
1,4096,4096,bfloat16,compiled,rmsnorm,training_forward,gpu_event,160.3900045156479,162.88000345230103,1093,16,3.002179145
1,4096,4096,bfloat16,compiled,rmsnorm,backward_retained,wall,895.761625,905.3359625,1000,4,3.5888082290000014
1,4096,4096,bfloat16,compiled,rmsnorm,backward_retained,gpu_event,828.6719918251038,832.7696204185486,1000,4,3.5888082290000014
1,4096,4096,bfloat16,compiled,rmsnorm,full_step,wall,2248.35625,2274.5915750000004,1000,2,4.492904186000006
1,4096,4096,bfloat16,compiled,rmsnorm,full_step,gpu_event,2165.760040283203,2188.3087754249573,1000,2,4.492904186000006
1,4096,4096,bfloat16,compiled,rmsnorm,inference,wall,162.14094117647062,166.43369705882353,1082,17,3.0014475229999995
1,4096,4096,bfloat16,compiled,rmsnorm,inference,gpu_event,157.6959946576287,159.6998551312615,1082,17,3.0014475229999995
1,1,1024,float32,compiled,rmsnorm,training_forward,wall,120.54124999999999,124.46582954545455,1126,22,3.0019905039999983
1,1,1024,float32,compiled,rmsnorm,training_forward,gpu_event,115.43054472316396,119.29599805311723,1126,22,3.0019905039999983
1,1,1024,float32,compiled,rmsnorm,backward_retained,wall,240.00476923076923,260.3661769230769,1000,13,3.1370151079999986
1,1,1024,float32,compiled,rmsnorm,backward_retained,gpu_event,227.28492663456842,246.94152978750375,1000,13,3.1370151079999986
1,1,1024,float32,compiled,rmsnorm,full_step,wall,439.0017142857143,467.0521357142857,1000,7,3.085934612000001
1,1,1024,float32,compiled,rmsnorm,full_step,gpu_event,423.66857188088557,451.1451380593436,1000,7,3.085934612000001
1,1,1024,float32,compiled,rmsnorm,inference,wall,82.66856060606061,85.61090151515151,1094,33,3.0020900180000036
1,1,1024,float32,compiled,rmsnorm,inference,gpu_event,78.10715473059452,80.96009854114416,1094,33,3.0020900180000036
1,1,1024,bfloat16,native,rmsnorm,training_forward,wall,12.260456310679611,12.762563106796115,2361,103,3.0003165600000026
1,1,1024,bfloat16,native,rmsnorm,training_forward,gpu_event,9.780193995503547,10.201786328287957,2361,103,3.0003165600000026
1,1,1024,bfloat16,native,rmsnorm,backward_retained,wall,153.65663157894735,168.23424210526318,1015,19,3.0004145610000013
1,1,1024,bfloat16,native,rmsnorm,backward_retained,gpu_event,124.65852185299522,136.23511163811932,1015,19,3.0004145610000013
1,1,1024,bfloat16,native,rmsnorm,full_step,wall,233.397,253.33453846153844,1000,13,3.0819559290000047
1,1,1024,bfloat16,native,rmsnorm,full_step,gpu_event,206.38768489544208,224.89797610502976,1000,13,3.0819559290000047
1,1,1024,bfloat16,native,rmsnorm,inference,wall,11.920194690265486,12.481159292035398,2210,113,3.000416589999999
1,1,1024,bfloat16,native,rmsnorm,inference,gpu_event,9.688636897939496,10.109691915258896,2210,113,3.000416589999999
0,1,8192,bfloat16,native,rmsnorm,backward_retained,wall,150.34861111111113,165.77115555555554,1089,18,3.0002915310000025
0,1,8192,bfloat16,native,rmsnorm,backward_retained,gpu_event,119.79911062452528,134.64461962381995,1089,18,3.0002915310000025
0,1,8192,bfloat16,native,rmsnorm,full_step,wall,231.55503846153846,251.10666153846154,1000,13,3.054979245999998
0,1,8192,bfloat16,native,rmsnorm,full_step,gpu_event,204.9575402186467,223.9724305959848,1000,13,3.054979245999998
0,1,8192,bfloat16,native,rmsnorm,inference,wall,12.462286458333333,12.952219270833332,2490,96,3.000849238999991
0,1,8192,bfloat16,native,rmsnorm,inference,gpu_event,9.887666751941046,10.362633317708967,2490,96,3.000849238999991
0,1,8192,bfloat16,native,rmsnorm,training_forward,wall,12.41998969072165,12.917877835051547,2470,97,3.0002296219999964
0,1,8192,bfloat16,native,rmsnorm,training_forward,gpu_event,9.849402093395744,10.335010351593962,2470,97,3.0002296219999964
0,32,8192,float32,compiled,rmsnorm,backward_retained,wall,252.02300000000002,269.1918416666667,1000,12,3.042873373999996
0,32,8192,float32,compiled,rmsnorm,backward_retained,gpu_event,231.67999585469565,248.25133581956226,1000,12,3.042873373999996
0,32,8192,float32,compiled,rmsnorm,full_step,wall,457.6302142857143,484.9617214285714,1000,7,3.2189408500000023
0,32,8192,float32,compiled,rmsnorm,full_step,gpu_event,433.8102851595197,459.67359202248707,1000,7,3.2189408500000023
0,32,8192,float32,compiled,rmsnorm,inference,wall,79.16075000000001,82.13075781250001,1176,32,3.001418183999999
0,32,8192,float32,compiled,rmsnorm,inference,gpu_event,75.77600330114365,78.60000245273113,1176,32,3.001418183999999
0,32,8192,float32,compiled,rmsnorm,training_forward,wall,121.66478260869565,125.00882608695652,1067,23,3.0018676280000043
0,32,8192,float32,compiled,rmsnorm,training_forward,gpu_event,116.77217483520508,120.10629799055016,1067,23,3.0018676280000043
1,4096,4096,bfloat16,eager,rmsnorm,training_forward,wall,1626.4385,1642.3635250000002,1000,2,3.246028470000005
1,4096,4096,bfloat16,eager,rmsnorm,training_forward,gpu_event,1499.1199970245361,1503.2320022583008,1000,2,3.246028470000005
1,4096,4096,bfloat16,eager,rmsnorm,backward_retained,wall,5100.467500000001,5151.3835500000005,1000,1,5.1044898730000074
1,4096,4096,bfloat16,eager,rmsnorm,backward_retained,gpu_event,4760.575771331787,4768.767833709717,1000,1,5.1044898730000074
1,4096,4096,bfloat16,eager,rmsnorm,full_step,wall,7598.1314999999995,7641.521,1000,1,7.604904529999999
1,4096,4096,bfloat16,eager,rmsnorm,full_step,gpu_event,7296.000003814697,7309.566378593445,1000,1,7.604904529999999
1,4096,4096,bfloat16,eager,rmsnorm,inference,wall,1586.10975,1598.6039499999997,1000,2,3.176561488999998
1,4096,4096,bfloat16,eager,rmsnorm,inference,gpu_event,1499.135971069336,1503.2320022583008,1000,2,3.176561488999998
1,32,8192,float32,native,rmsnorm,training_forward,wall,13.125967032967033,13.704334065934065,2480,91,3.000396724000004
1,32,8192,float32,native,rmsnorm,training_forward,gpu_event,10.079824334972507,10.62315633663764,2480,91,3.000396724000004
1,32,8192,float32,native,rmsnorm,backward_retained,wall,137.9734,155.4545825,1060,20,3.0007536050000017
1,32,8192,float32,native,rmsnorm,backward_retained,gpu_event,109.67040061950684,125.19159972667694,1060,20,3.0007536050000017
1,32,8192,float32,native,rmsnorm,full_step,wall,205.93228571428568,223.88076785714284,1026,14,3.0031521179999983
1,32,8192,float32,native,rmsnorm,full_step,gpu_event,171.85714415141516,189.62285348347257,1026,14,3.0031521179999983
1,32,8192,float32,native,rmsnorm,inference,wall,12.72869387755102,13.213508163265304,2389,98,3.0005038029999995
1,32,8192,float32,native,rmsnorm,inference,gpu_event,10.05191827306942,10.521860998504016,2389,98,3.0005038029999995
0,512,1024,bfloat16,compiled,rmsnorm,backward_retained,wall,265.4321818181818,286.3205454545455,1021,11,3.0005287880000036
0,512,1024,bfloat16,compiled,rmsnorm,backward_retained,gpu_event,247.1534555608576,266.23998988758433,1021,11,3.0005287880000036
0,512,1024,bfloat16,compiled,rmsnorm,full_step,wall,489.8401666666666,526.2402833333333,1015,6,3.0028582769999983
0,512,1024,bfloat16,compiled,rmsnorm,full_step,gpu_event,470.18667062123615,505.33653895060223,1015,6,3.0028582769999983
0,512,1024,bfloat16,compiled,rmsnorm,inference,wall,77.6200606060606,80.4283409090909,1164,33,3.000078679000004
0,512,1024,bfloat16,compiled,rmsnorm,inference,gpu_event,75.12436491070372,77.853866779443,1164,33,3.000078679000004
0,512,1024,bfloat16,compiled,rmsnorm,training_forward,wall,117.95473913043477,121.57265217391306,1101,23,3.002613020000002
0,512,1024,bfloat16,compiled,rmsnorm,training_forward,gpu_event,113.84208306022312,117.3954735631528,1101,23,3.002613020000002
1,512,4096,bfloat16,compiled,rmsnorm,training_forward,wall,122.62709523809524,126.84502857142859,1158,21,3.0005388190000017
1,512,4096,bfloat16,compiled,rmsnorm,training_forward,gpu_event,116.49219195048015,120.44921659287951,1158,21,3.0005388190000017
1,512,4096,bfloat16,compiled,rmsnorm,backward_retained,wall,259.58418181818183,279.3229,1047,11,3.000849658999994
1,512,4096,bfloat16,compiled,rmsnorm,backward_retained,gpu_event,239.89527875726873,259.1234835711392,1047,11,3.000849658999994
1,512,4096,bfloat16,compiled,rmsnorm,full_step,wall,490.42966666666666,537.0598333333334,1013,6,3.001728773999996
1,512,4096,bfloat16,compiled,rmsnorm,full_step,gpu_event,468.9919948577881,514.6175861358643,1013,6,3.001728773999996
1,512,4096,bfloat16,compiled,rmsnorm,inference,wall,78.788125,81.6057125,1185,32,3.000512911999999
1,512,4096,bfloat16,compiled,rmsnorm,inference,gpu_event,75.96699893474579,78.70959788560867,1185,32,3.000512911999999
1,32,1024,bfloat16,native,rmsnorm,training_forward,wall,12.708459770114942,13.26806896551724,2690,87,3.0007843869999995
1,32,1024,bfloat16,native,rmsnorm,training_forward,gpu_event,9.592643414420643,10.098758785203955,2690,87,3.0007843869999995
1,32,1024,bfloat16,native,rmsnorm,backward_retained,wall,154.34084210526314,167.97956578947367,1010,19,3.0021156080000004
1,32,1024,bfloat16,native,rmsnorm,backward_retained,gpu_event,124.1734780763325,136.5557877640975,1010,19,3.0021156080000004
1,32,1024,bfloat16,native,rmsnorm,full_step,wall,233.33534615384613,250.90827692307693,1000,13,3.076513078999997
1,32,1024,bfloat16,native,rmsnorm,full_step,gpu_event,205.33784536214975,221.02670394457303,1000,13,3.076513078999997
1,32,1024,bfloat16,native,rmsnorm,inference,wall,12.237849557522122,12.675738938053097,2156,113,3.000324438999999
1,32,1024,bfloat16,native,rmsnorm,inference,gpu_event,9.950017507097362,10.36913257784548,2156,113,3.000324438999999
1,32,4096,float32,compiled,rmsnorm,training_forward,wall,119.93663636363635,123.58956818181818,1131,22,3.0000657200000043
1,32,4096,float32,compiled,rmsnorm,training_forward,gpu_event,115.47200246290727,118.96872520446777,1131,22,3.0000657200000043
1,32,4096,float32,compiled,rmsnorm,backward_retained,wall,243.1993636363636,261.4368181818182,1116,11,3.002102979999995
1,32,4096,float32,compiled,rmsnorm,backward_retained,gpu_event,226.53090953826904,244.10763111981478,1116,11,3.002102979999995
1,32,4096,float32,compiled,rmsnorm,full_step,wall,452.30642857142857,482.1762357142857,1000,7,3.1820641120000035
1,32,4096,float32,compiled,rmsnorm,full_step,gpu_event,435.57029111044744,463.5867306164333,1000,7,3.1820641120000035
1,32,4096,float32,compiled,rmsnorm,inference,wall,79.27011111111112,82.99007407407406,1391,27,3.0009256920000027
1,32,4096,float32,compiled,rmsnorm,inference,gpu_event,76.0035514831543,79.14607613175004,1391,27,3.0009256920000027
1,32,4096,bfloat16,compiled,rmsnorm,training_forward,wall,119.51545652173913,123.11632608695653,1086,23,3.001587385999998
1,32,4096,bfloat16,compiled,rmsnorm,training_forward,gpu_event,114.68800254490064,118.16069354181704,1086,23,3.001587385999998
1,32,4096,bfloat16,compiled,rmsnorm,backward_retained,wall,254.9672916666667,271.9031583333333,1000,12,3.0670408610000015
1,32,4096,bfloat16,compiled,rmsnorm,backward_retained,gpu_event,237.56800095240274,254.20800844828287,1000,12,3.0670408610000015
1,32,4096,bfloat16,compiled,rmsnorm,full_step,wall,483.45783333333327,515.6779333333334,1030,6,3.001016646999997
1,32,4096,bfloat16,compiled,rmsnorm,full_step,gpu_event,462.4426563580831,494.83600457509357,1030,6,3.001016646999997
1,32,4096,bfloat16,compiled,rmsnorm,inference,wall,77.80321212121211,80.70415,1162,33,3.001709496999999
1,32,4096,bfloat16,compiled,rmsnorm,inference,gpu_event,75.27951760725541,77.97871647459088,1162,33,3.001709496999999
1,32,8192,bfloat16,native,rmsnorm,training_forward,wall,13.114515957446809,13.604101063829788,2406,94,3.00003463999999
1,32,8192,bfloat16,native,rmsnorm,training_forward,gpu_event,10.317276766959656,10.785191300067495,2406,94,3.00003463999999
1,32,8192,bfloat16,native,rmsnorm,backward_retained,wall,154.97636111111112,170.19151666666664,1062,18,3.0011341560000018
1,32,8192,bfloat16,native,rmsnorm,backward_retained,gpu_event,123.90400303734674,137.42648892932465,1062,18,3.0011341560000018
1,32,8192,bfloat16,native,rmsnorm,full_step,wall,240.90758333333335,260.3597833333333,1025,12,3.002051601000002
1,32,8192,bfloat16,native,rmsnorm,full_step,gpu_event,210.42400598526,228.6847949028015,1025,12,3.002051601000002
1,32,8192,bfloat16,native,rmsnorm,inference,wall,12.875835051546392,13.357829896907216,2386,97,3.0007070670000044
1,32,8192,bfloat16,native,rmsnorm,inference,gpu_event,10.229443151926258,10.683381680360775,2386,97,3.0007070670000044
1,4096,4096,float32,eager,rmsnorm,training_forward,wall,1113.7913333333333,1122.81655,1000,3,3.345083825
1,4096,4096,float32,eager,rmsnorm,training_forward,gpu_event,1042.090654373169,1044.8213418324788,1000,3,3.345083825
1,4096,4096,float32,eager,rmsnorm,backward_retained,wall,4390.404,4440.16745,1000,1,4.396977436999995
1,4096,4096,float32,eager,rmsnorm,backward_retained,gpu_event,4090.8799171447754,4100.1474142074585,1000,1,4.396977436999995
1,4096,4096,float32,eager,rmsnorm,full_step,wall,5981.561,6027.2224,1000,1,5.988200099999995
1,4096,4096,float32,eager,rmsnorm,full_step,gpu_event,5705.728054046631,5718.0673360824585,1000,1,5.988200099999995
1,4096,4096,float32,eager,rmsnorm,inference,wall,1096.8388333333332,1105.6916666666668,1000,3,3.2961216820000003
1,4096,4096,float32,eager,rmsnorm,inference,gpu_event,1042.090654373169,1045.1626777648926,1000,3,3.2961216820000003
0,4096,1024,bfloat16,compiled,rmsnorm,backward_retained,wall,275.7211,305.958015,1082,10,3.002002174000002
0,4096,1024,bfloat16,compiled,rmsnorm,backward_retained,gpu_event,255.79519271850586,285.6804835796357,1082,10,3.002002174000002
0,4096,1024,bfloat16,compiled,rmsnorm,full_step,wall,534.3219285714285,596.7802357142857,1000,7,3.7699301059999994
0,4096,1024,bfloat16,compiled,rmsnorm,full_step,gpu_event,510.48457622528076,570.5362132617406,1000,7,3.7699301059999994
0,4096,1024,bfloat16,compiled,rmsnorm,inference,wall,81.29619354838711,84.03867096774192,1183,31,3.000073071999996
0,4096,1024,bfloat16,compiled,rmsnorm,inference,gpu_event,77.36051467157179,80.02735337903422,1183,31,3.000073071999996
0,4096,1024,bfloat16,compiled,rmsnorm,training_forward,wall,121.89618181818183,125.63715454545454,1112,22,3.0009790419999987
0,4096,1024,bfloat16,compiled,rmsnorm,training_forward,gpu_event,116.3170879537409,119.72996484149586,1112,22,3.0009790419999987
0,1,8192,float32,eager,layernorm,backward_retained,wall,288.36133333333333,317.33113333333336,1137,9,3.000691754999996
0,1,8192,float32,eager,layernorm,backward_retained,gpu_event,262.2897889879015,289.67538939581976,1137,9,3.000691754999996
0,1,8192,float32,eager,layernorm,full_step,wall,428.0819285714286,457.8206857142857,1000,7,3.0323839580000005
0,1,8192,float32,eager,layernorm,full_step,gpu_event,394.2331416266305,422.02125787734985,1000,7,3.0323839580000005
0,1,8192,float32,eager,layernorm,inference,wall,69.45869444444446,71.7412,1195,36,3.001945789000003
0,1,8192,float32,eager,layernorm,inference,gpu_event,64.53422043058607,66.56853026813931,1195,36,3.001945789000003
0,1,8192,float32,eager,layernorm,training_forward,wall,80.25390322580645,82.56430645161291,1198,31,3.000597676000002
0,1,8192,float32,eager,layernorm,training_forward,gpu_event,73.98606500317973,76.14353741368939,1198,31,3.000597676000002
1,512,1024,bfloat16,compiled,layernorm,training_forward,wall,123.79714285714286,127.4785880952381,1150,21,3.0024263519999974
1,512,1024,bfloat16,compiled,layernorm,training_forward,gpu_event,118.78399621872674,122.27291436422439,1150,21,3.0024263519999974
1,512,1024,bfloat16,compiled,layernorm,backward_retained,wall,267.72818181818184,284.4728636363636,1016,11,3.0011803519999956
1,512,1024,bfloat16,compiled,layernorm,backward_retained,gpu_event,248.733097856695,264.6574540571733,1016,11,3.0011803519999956
1,512,1024,bfloat16,compiled,layernorm,full_step,wall,495.9865,537.0815,1001,6,3.002278195999999
1,512,1024,bfloat16,compiled,layernorm,full_step,gpu_event,475.6106535593669,517.962654431661,1001,6,3.002278195999999
1,512,1024,bfloat16,compiled,layernorm,inference,wall,78.63284375,81.684234375,1180,32,3.000066497000001
1,512,1024,bfloat16,compiled,layernorm,inference,gpu_event,76.06399804353714,79.1129507124424,1180,32,3.000066497000001
1,512,1024,bfloat16,native,layernorm,training_forward,wall,11.934235,12.392853499999998,2494,100,3.0001778220000053
1,512,1024,bfloat16,native,layernorm,training_forward,gpu_event,9.431040287017822,9.844223856925963,2494,100,3.0001778220000053
1,512,1024,bfloat16,native,layernorm,backward_retained,wall,153.71313157894735,166.79662105263154,1018,19,3.0007242929999958
1,512,1024,bfloat16,native,layernorm,backward_retained,gpu_event,124.68546942660683,136.12285915173982,1018,19,3.0007242929999958
1,512,1024,bfloat16,native,layernorm,full_step,wall,234.58307692307693,254.46479230769225,1000,13,3.0970354920000003
1,512,1024,bfloat16,native,layernorm,full_step,gpu_event,206.92676764268143,226.15433656252347,1000,13,3.0970354920000003
1,512,1024,bfloat16,native,layernorm,inference,wall,12.299333333333335,12.766654901960784,2375,102,3.000459341999997
1,512,1024,bfloat16,native,layernorm,inference,gpu_event,9.797333502301983,10.239780416675643,2375,102,3.000459341999997
1,32,1024,bfloat16,compiled,rmsnorm,training_forward,wall,123.23363636363636,127.16868181818182,1101,22,3.001898939999999
1,32,1024,bfloat16,compiled,rmsnorm,training_forward,gpu_event,118.87563358653675,122.69382043318315,1101,22,3.001898939999999
1,32,1024,bfloat16,compiled,rmsnorm,backward_retained,wall,263.5382727272727,282.58204545454544,1031,11,3.0015061069999986
1,32,1024,bfloat16,compiled,rmsnorm,backward_retained,gpu_event,239.33672904968262,257.1636438369751,1031,11,3.0015061069999986
1,32,1024,bfloat16,compiled,rmsnorm,full_step,wall,483.90635714285713,513.4403428571428,1000,7,3.408181199999999
1,32,1024,bfloat16,compiled,rmsnorm,full_step,gpu_event,460.7291391917637,489.33235577174594,1000,7,3.408181199999999
1,32,1024,bfloat16,compiled,rmsnorm,inference,wall,80.4817741935484,83.54175806451613,1191,31,3.0012985710000026
1,32,1024,bfloat16,compiled,rmsnorm,inference,gpu_event,77.03122785014492,79.93858091292842,1191,31,3.0012985710000026
1,1,1024,bfloat16,native,layernorm,training_forward,wall,11.864724489795918,12.347042346938775,2564,98,3.000489386000003
1,1,1024,bfloat16,native,layernorm,training_forward,gpu_event,9.341387724389834,9.797354894024984,2564,98,3.000489386000003
1,1,1024,bfloat16,native,layernorm,backward_retained,wall,155.28894736842108,166.0143684210526,1008,19,3.000191921999999
1,1,1024,bfloat16,native,layernorm,backward_retained,gpu_event,126.43536768461529,135.38299234289872,1008,19,3.000191921999999
1,1,1024,bfloat16,native,layernorm,full_step,wall,235.06257692307693,257.53432307692304,1000,13,3.1106938729999984
1,1,1024,bfloat16,native,layernorm,full_step,gpu_event,203.22092679830698,225.3587612738976,1000,13,3.1106938729999984
1,1,1024,bfloat16,native,layernorm,inference,wall,11.947155963302752,12.38300366972477,2289,109,3.0007151839999993
1,1,1024,bfloat16,native,layernorm,inference,gpu_event,9.526018702655758,9.939376367341488,2289,109,3.0007151839999993
1,1,8192,bfloat16,eager,rmsnorm,training_forward,wall,87.83806896551722,90.58639655172414,1171,29,3.0010971029999967
1,1,8192,bfloat16,eager,rmsnorm,training_forward,gpu_event,81.46096920144969,84.01875660337251,1171,29,3.0010971029999967
1,1,8192,bfloat16,eager,rmsnorm,backward_retained,wall,294.5943,322.51390000000004,1001,10,3.0019489670000006
1,1,8192,bfloat16,eager,rmsnorm,backward_retained,gpu_event,271.0592031478882,297.3695993423462,1001,10,3.0019489670000006
1,1,8192,bfloat16,eager,rmsnorm,full_step,wall,460.6208571428572,497.6355357142857,1000,7,3.269707351999997
1,1,8192,bfloat16,eager,rmsnorm,full_step,gpu_event,425.2525738307408,460.01554557255326,1000,7,3.269707351999997
1,1,8192,bfloat16,eager,rmsnorm,inference,wall,77.92284848484847,80.4878424242424,1163,33,3.0014686549999974
1,1,8192,bfloat16,eager,rmsnorm,inference,gpu_event,71.49672508239746,73.56974211606112,1163,33,3.0014686549999974
1,1,4096,float32,native,layernorm,training_forward,wall,12.32208080808081,12.772595959595957,2441,99,3.000123478999998
1,1,4096,float32,native,layernorm,training_forward,gpu_event,9.774545226434265,10.198626855407097,2441,99,3.000123478999998
1,1,4096,float32,native,layernorm,backward_retained,wall,139.811375,148.4787025,1064,20,3.0006086209999996
1,1,4096,float32,native,layernorm,backward_retained,gpu_event,113.07680010795593,121.13872349262238,1064,20,3.0006086209999996
1,1,4096,float32,native,layernorm,full_step,wall,198.33089999999999,211.31456333333335,1000,15,3.0022158790000026
1,1,4096,float32,native,layernorm,full_step,gpu_event,166.84373219807944,180.23424466451002,1000,15,3.0022158790000026
1,1,4096,float32,native,layernorm,inference,wall,12.553348484848485,13.006877272727273,2398,99,3.000001209000009
1,1,4096,float32,native,layernorm,inference,gpu_event,9.991757797472404,10.426181735414447,2398,99,3.000001209000009
1,32,4096,bfloat16,compiled,layernorm,training_forward,wall,125.37272727272727,128.9362,1082,22,3.000281037000002
1,32,4096,bfloat16,compiled,layernorm,training_forward,gpu_event,119.01672319932418,122.31912667101079,1082,22,3.000281037000002
1,32,4096,bfloat16,compiled,layernorm,backward_retained,wall,265.8862916666667,283.22527916666667,1000,12,3.2027989990000014
1,32,4096,bfloat16,compiled,layernorm,backward_retained,gpu_event,246.45200371742249,263.12345763047534,1000,12,3.2027989990000014
1,32,4096,bfloat16,compiled,layernorm,full_step,wall,495.0255,542.1114416666667,1002,6,3.000660708999997
1,32,4096,bfloat16,compiled,layernorm,full_step,gpu_event,472.3600149154663,518.9570566018423,1002,6,3.000660708999997
1,32,4096,bfloat16,compiled,layernorm,inference,wall,78.6904090909091,82.38937272727271,1144,33,3.002055833000003
1,32,4096,bfloat16,compiled,layernorm,inference,gpu_event,75.89915304472953,79.42826458902069,1144,33,3.002055833000003
0,512,8192,float32,native,rmsnorm,backward_retained,wall,189.27891666666665,204.93683333333334,1305,12,3.001176161
0,512,8192,float32,native,rmsnorm,backward_retained,gpu_event,139.60533340771994,152.45599945386252,1305,12,3.001176161
0,512,8192,float32,native,rmsnorm,full_step,wall,274.9475,289.0061,1081,10,3.0003537660000017
0,512,8192,float32,native,rmsnorm,full_step,gpu_event,224.9727964401245,233.88159275054932,1081,10,3.0003537660000017
0,512,8192,float32,native,rmsnorm,inference,wall,26.084859375,26.595571875,1789,64,3.000581828000002
0,512,8192,float32,native,rmsnorm,inference,gpu_event,21.886000409722328,22.23999984562397,1789,64,3.000581828000002
0,512,8192,float32,native,rmsnorm,training_forward,wall,25.94956923076923,26.474023076923075,1771,65,3.0016438710000037
0,512,8192,float32,native,rmsnorm,training_forward,gpu_event,21.880615674532375,22.228677456195538,1771,65,3.0016438710000037
1,4096,8192,float32,eager,layernorm,training_forward,wall,3167.616,3192.0176,1000,1,3.1714518610000004
1,4096,8192,float32,eager,layernorm,training_forward,gpu_event,3028.991937637329,3036.0960960388184,1000,1,3.1714518610000004
1,4096,8192,float32,eager,layernorm,backward_retained,wall,10721.552,10856.7122,1000,1,10.725022463999991
1,4096,8192,float32,eager,layernorm,backward_retained,gpu_event,10332.159996032715,10348.544120788574,1000,1,10.725022463999991
1,4096,8192,float32,eager,layernorm,full_step,wall,14811.737,14901.052749999999,1000,1,14.821894564999992
1,4096,8192,float32,eager,layernorm,full_step,gpu_event,14566.399574279785,14584.832191467285,1000,1,14.821894564999992
1,4096,8192,float32,eager,layernorm,inference,wall,3151.866,3177.7809500000003,1000,1,3.1551410900000088
1,4096,8192,float32,eager,layernorm,inference,gpu_event,3028.991937637329,3036.1599922180176,1000,1,3.1551410900000088
1,32,1024,float32,eager,rmsnorm,training_forward,wall,59.958733333333335,62.02626,1659,30,3.0017169780000073
1,32,1024,float32,eager,rmsnorm,training_forward,gpu_event,53.93066803614298,55.9820810953776,1659,30,3.0017169780000073
1,32,1024,float32,eager,rmsnorm,backward_retained,wall,250.53300000000002,287.2328208333333,1000,12,3.0751731720000013
1,32,1024,float32,eager,rmsnorm,backward_retained,gpu_event,231.17199540138245,265.42892754077906,1000,12,3.0751731720000013
1,32,1024,float32,eager,rmsnorm,full_step,wall,366.97887499999996,404.89132499999994,1005,8,3.0015870670000036
1,32,1024,float32,eager,rmsnorm,full_step,gpu_event,336.7840051651001,372.0671892166137,1005,8,3.0015870670000036
1,32,1024,float32,eager,rmsnorm,inference,wall,50.941,52.557295454545454,1331,44,3.0020751290000005
1,32,1024,float32,eager,rmsnorm,inference,gpu_event,47.49963500282981,49.08145557750355,1331,44,3.0020751290000005
1,4096,8192,bfloat16,native,rmsnorm,training_forward,wall,328.0806111111111,331.91631666666666,1014,9,3.0003598939999985
1,4096,8192,bfloat16,native,rmsnorm,training_forward,gpu_event,306.3146670659383,307.20000796847876,1014,9,3.0003598939999985
1,4096,8192,bfloat16,native,rmsnorm,backward_retained,wall,2164.9395000000004,2202.2118750000004,1000,2,4.337955435
1,4096,8192,bfloat16,native,rmsnorm,backward_retained,gpu_event,1955.3279876708984,1967.6159620285036,1000,2,4.337955435
1,4096,8192,bfloat16,native,rmsnorm,full_step,wall,4688.9665,4736.4692000000005,1000,1,4.694537024999997
1,4096,8192,bfloat16,native,rmsnorm,full_step,gpu_event,4361.216068267822,4379.648208618164,1000,1,4.694537024999997
1,4096,8192,bfloat16,native,rmsnorm,inference,wall,325.4522777777778,329.15348888888894,1022,9,3.0017883309999998
1,4096,8192,bfloat16,native,rmsnorm,inference,gpu_event,306.40355745951337,307.20000796847876,1022,9,3.0017883309999998
1,1,4096,bfloat16,native,layernorm,training_forward,wall,12.76097311827957,13.2329311827957,2508,93,3.0000418700000018
1,1,4096,bfloat16,native,layernorm,training_forward,gpu_event,9.964731431776478,10.40516104749454,2508,93,3.0000418700000018
1,1,4096,bfloat16,native,layernorm,backward_retained,wall,152.54129411764706,166.69610294117646,1146,17,3.0013207730000007
1,1,4096,bfloat16,native,layernorm,backward_retained,gpu_event,118.85553247788373,131.25270955702837,1146,17,3.0013207730000007
1,1,4096,bfloat16,native,layernorm,full_step,wall,225.49034615384616,247.0547307692308,1006,13,3.0005413509999985
1,1,4096,bfloat16,native,layernorm,full_step,gpu_event,198.50461299602802,218.37169848955597,1006,13,3.0005413509999985
1,1,4096,bfloat16,native,layernorm,inference,wall,12.682231958762888,13.190990721649484,2420,97,3.0001257980000013
1,1,4096,bfloat16,native,layernorm,inference,gpu_event,10.018309367071723,10.525031188099655,2420,97,3.0001257980000013
0,512,4096,float32,native,rmsnorm,backward_retained,wall,145.69373684210527,173.58641052631575,1053,19,3.0014393300000006
0,512,4096,float32,native,rmsnorm,backward_retained,gpu_event,114.79578520122327,140.2226548445852,1053,19,3.0014393300000006
0,512,4096,float32,native,rmsnorm,full_step,wall,214.32776923076923,235.44646153846148,1057,13,3.002543702999999
0,512,4096,float32,native,rmsnorm,full_step,gpu_event,176.36431180513821,196.93882648761453,1057,13,3.002543702999999
0,512,4096,float32,native,rmsnorm,inference,wall,15.933552631578944,16.530394736842105,2453,76,3.00086374700001
0,512,4096,float32,native,rmsnorm,inference,gpu_event,12.488842010498047,12.800000215831556,2453,76,3.00086374700001
0,512,4096,float32,native,rmsnorm,training_forward,wall,15.951626666666668,16.437831999999997,2487,75,3.0003546120000033
0,512,4096,float32,native,rmsnorm,training_forward,gpu_event,12.492799758911133,12.73856004079183,2487,75,3.0003546120000033
1,1,4096,float32,native,rmsnorm,training_forward,wall,12.629153846153848,13.064486057692308,2270,104,3.000862168
1,1,4096,float32,native,rmsnorm,training_forward,gpu_event,10.129692462774424,10.545230828798735,2270,104,3.000862168
1,1,4096,float32,native,rmsnorm,backward_retained,wall,140.35725000000002,163.21164,1048,20,3.000974908999998
1,1,4096,float32,native,rmsnorm,backward_retained,gpu_event,110.69759726524353,130.2855235338211,1048,20,3.000974908999998
1,1,4096,float32,native,rmsnorm,full_step,wall,201.67610714285715,217.98244285714284,1050,14,3.0008616540000017
1,1,4096,float32,native,rmsnorm,full_step,gpu_event,166.83086327144076,182.49519637652807,1050,14,3.0008616540000017
1,1,4096,float32,native,rmsnorm,inference,wall,12.687509803921568,13.205467156862744,2300,102,3.0009011329999935
1,1,4096,float32,native,rmsnorm,inference,gpu_event,10.01066670698278,10.481333674169052,2300,102,3.0009011329999935
1,4096,1024,bfloat16,eager,layernorm,training_forward,wall,187.29510714285715,191.9492892857143,1140,14,3.002381436000005
1,4096,1024,bfloat16,eager,layernorm,training_forward,gpu_event,174.82057639530726,179.28229059491838,1140,14,3.002381436000005
1,4096,1024,bfloat16,eager,layernorm,backward_retained,wall,839.3993750000001,852.6552125,1000,4,3.3644453240000067
1,4096,1024,bfloat16,eager,layernorm,backward_retained,gpu_event,769.0240144729614,775.1680016517639,1000,4,3.3644453240000067
1,4096,1024,bfloat16,eager,layernorm,full_step,wall,1116.7846666666667,1148.3211,1000,3,3.370920956000001
1,4096,1024,bfloat16,eager,layernorm,full_step,gpu_event,1046.1866855621338,1057.1093559265137,1000,3,3.370920956000001
1,4096,1024,bfloat16,eager,layernorm,inference,wall,188.64493333333334,191.49456666666666,1058,15,3.001106389000003
1,4096,1024,bfloat16,eager,layernorm,inference,gpu_event,174.28480784098306,176.28565629323325,1058,15,3.001106389000003
0,32,4096,bfloat16,compiled,layernorm,backward_retained,wall,260.00041666666664,277.82223749999997,1000,12,3.1382897570000035
0,32,4096,bfloat16,compiled,layernorm,backward_retained,gpu_event,241.5106693903605,258.7462653716405,1000,12,3.1382897570000035
0,32,4096,bfloat16,compiled,layernorm,full_step,wall,485.4207857142857,513.1474071428571,1000,7,3.410795273999999
0,32,4096,bfloat16,compiled,layernorm,full_step,gpu_event,466.92572321210594,494.4728987557547,1000,7,3.410795273999999
0,32,4096,bfloat16,compiled,layernorm,inference,wall,77.12716666666668,79.80562727272728,1172,33,3.001216202000001
0,32,4096,bfloat16,compiled,layernorm,inference,gpu_event,74.49745770656702,77.12295850118002,1172,33,3.001216202000001
0,32,4096,bfloat16,compiled,layernorm,training_forward,wall,122.35676086956522,125.38613260869566,1062,23,3.0017557239999997
0,32,4096,bfloat16,compiled,layernorm,training_forward,gpu_event,118.16138806550398,121.15422850069793,1062,23,3.0017557239999997
1,4096,8192,float32,compiled,rmsnorm,training_forward,wall,670.1123,678.81727,1000,5,3.355275566999997
1,4096,8192,float32,compiled,rmsnorm,training_forward,gpu_event,648.9696025848389,654.958701133728,1000,5,3.355275566999997
1,4096,8192,float32,compiled,rmsnorm,backward_retained,wall,2196.582,2218.207125,1000,2,4.387191772999996
1,4096,8192,float32,compiled,rmsnorm,backward_retained,gpu_event,2050.5599975585938,2055.6800365448,1000,2,4.387191772999996
1,4096,8192,float32,compiled,rmsnorm,full_step,wall,4296.065,4344.18105,1000,1,4.303400511000004
1,4096,8192,float32,compiled,rmsnorm,full_step,gpu_event,4123.487949371338,4162.529635429382,1000,1,4.303400511000004
1,4096,8192,float32,compiled,rmsnorm,inference,wall,664.087,671.75221,1000,5,3.3317571710000022
1,4096,8192,float32,compiled,rmsnorm,inference,gpu_event,640.5695915222168,645.5296039581299,1000,5,3.3317571710000022
0,1,1024,float32,compiled,rmsnorm,backward_retained,wall,237.30108333333334,252.6870583333333,1050,12,3.000423106000005
0,1,1024,float32,compiled,rmsnorm,backward_retained,gpu_event,221.26932938893637,237.14986443519592,1050,12,3.000423106000005
0,1,1024,float32,compiled,rmsnorm,full_step,wall,432.3811428571429,462.36750714285716,1000,7,3.0469215939999987
0,1,1024,float32,compiled,rmsnorm,full_step,gpu_event,416.4754322596959,444.5677842412676,1000,7,3.0469215939999987
0,1,1024,float32,compiled,rmsnorm,inference,wall,77.40050000000001,80.78671666666666,1168,33,3.0023278670000035
0,1,1024,float32,compiled,rmsnorm,inference,gpu_event,75.12436491070372,78.52513790130615,1168,33,3.0023278670000035
0,1,1024,float32,compiled,rmsnorm,training_forward,wall,116.23291666666667,120.54799166666666,1069,24,3.001180486000001
0,1,1024,float32,compiled,rmsnorm,training_forward,gpu_event,112.38400141398112,116.30080143610635,1069,24,3.001180486000001
0,32,1024,float32,compiled,rmsnorm,backward_retained,wall,248.82563636363636,266.75231818181817,1091,11,3.000638980999998
0,32,1024,float32,compiled,rmsnorm,backward_retained,gpu_event,226.86253894459117,244.13090402429754,1091,11,3.000638980999998
0,32,1024,float32,compiled,rmsnorm,full_step,wall,447.7625714285714,473.8284642857143,1000,7,3.1492455200000014
0,32,1024,float32,compiled,rmsnorm,full_step,gpu_event,425.52685737609863,451.00047247750416,1000,7,3.1492455200000014
0,32,1024,float32,compiled,rmsnorm,inference,wall,78.69122580645161,81.4754193548387,1221,31,3.0016377960000034
0,32,1024,float32,compiled,rmsnorm,inference,gpu_event,75.37961006164551,77.98090288715977,1221,31,3.0016377960000034
0,32,1024,float32,compiled,rmsnorm,training_forward,wall,118.93104347826088,123.03616739130436,1090,23,3.001742723999998
0,32,1024,float32,compiled,rmsnorm,training_forward,gpu_event,114.28730384163235,118.16069354181704,1090,23,3.001742723999998
1,32,4096,bfloat16,eager,layernorm,training_forward,wall,109.86164583333334,113.07545416666669,1130,24,3.0014169719999946
1,32,4096,bfloat16,eager,layernorm,training_forward,gpu_event,100.73600212732951,103.72266173362732,1130,24,3.0014169719999946
1,32,4096,bfloat16,eager,layernorm,backward_retained,wall,340.57800000000003,375.3470555555555,1000,9,3.1215985880000026
1,32,4096,bfloat16,eager,layernorm,backward_retained,gpu_event,311.5235434638129,343.2675467597113,1000,9,3.1215985880000026
1,32,4096,bfloat16,eager,layernorm,full_step,wall,530.9640833333333,590.632575,1000,6,3.2399040200000027
1,32,4096,bfloat16,eager,layernorm,full_step,gpu_event,497.15201059977215,553.0106643835703,1000,6,3.2399040200000027
1,32,4096,bfloat16,eager,layernorm,inference,wall,94.38300000000001,97.30712857142856,1129,28,3.0016678039999984
1,32,4096,bfloat16,eager,layernorm,inference,gpu_event,88.57600178037372,91.35314055851528,1129,28,3.0016678039999984
0,4096,1024,bfloat16,native,rmsnorm,backward_retained,wall,180.19735714285713,199.94522142857147,1172,14,3.0000365849999944
0,4096,1024,bfloat16,native,rmsnorm,backward_retained,gpu_event,140.64571261405945,157.18034761292597,1172,14,3.0000365849999944
0,4096,1024,bfloat16,native,rmsnorm,full_step,wall,292.62355,317.61501999999996,1014,10,3.000540949999998
0,4096,1024,bfloat16,native,rmsnorm,full_step,gpu_event,249.34399127960205,273.22767972946156,1014,10,3.000540949999998
0,4096,1024,bfloat16,native,rmsnorm,inference,wall,14.749890243902438,15.262646341463412,2467,82,3.0009010020000066
0,4096,1024,bfloat16,native,rmsnorm,inference,gpu_event,11.338926670027941,11.826614708435246,2467,82,3.0009010020000066
0,4096,1024,bfloat16,native,rmsnorm,training_forward,wall,15.225532467532469,15.781270129870132,2538,77,3.0002253210000074
0,4096,1024,bfloat16,native,rmsnorm,training_forward,gpu_event,11.623065192978103,12.118150390587845,2538,77,3.0002253210000074
1,512,1024,float32,eager,rmsnorm,training_forward,wall,58.51386764705882,60.328285294117634,1498,34,3.000293849000001
1,512,1024,float32,eager,rmsnorm,training_forward,gpu_event,53.63953113555908,55.5361411150764,1498,34,3.000293849000001
1,512,1024,float32,eager,rmsnorm,backward_retained,wall,247.362125,268.8845999999999,1000,12,3.0064397539999996
1,512,1024,float32,eager,rmsnorm,backward_retained,gpu_event,229.42133744557697,249.59999322891235,1000,12,3.0064397539999996
1,512,1024,float32,eager,rmsnorm,full_step,wall,370.8238333333333,410.1935277777777,1000,9,3.379606966999998
1,512,1024,float32,eager,rmsnorm,full_step,gpu_event,337.4648888905843,379.08961243099634,1000,9,3.379606966999998
1,512,1024,float32,eager,rmsnorm,inference,wall,52.36548888888889,53.820083333333336,1266,45,3.0023351949999992
1,512,1024,float32,eager,rmsnorm,inference,gpu_event,47.92533450656467,49.26933182610406,1266,45,3.0023351949999992
0,512,1024,float32,compiled,rmsnorm,backward_retained,wall,249.48570833333332,271.1651083333333,1000,12,3.0225164319999993
0,512,1024,float32,compiled,rmsnorm,backward_retained,gpu_event,233.4213356177012,254.71586088339487,1000,12,3.0225164319999993
0,512,1024,float32,compiled,rmsnorm,full_step,wall,456.343,487.91524999999996,1000,7,3.2108221300000013
0,512,1024,float32,compiled,rmsnorm,full_step,gpu_event,438.71085984366283,469.31382587977816,1000,7,3.2108221300000013
0,512,1024,float32,compiled,rmsnorm,inference,wall,77.43921212121212,80.39104545454545,1166,33,3.0002650250000014
0,512,1024,float32,compiled,rmsnorm,inference,gpu_event,74.84509005691066,77.72315090352839,1166,33,3.0002650250000014
0,512,1024,float32,compiled,rmsnorm,training_forward,wall,120.04279545454546,124.07675909090908,1128,22,3.0005728419999986
0,512,1024,float32,compiled,rmsnorm,training_forward,gpu_event,115.68436297503385,119.61876533248208,1128,22,3.0005728419999986
0,1,8192,float32,eager,rmsnorm,backward_retained,wall,244.58625,264.9757416666667,1008,12,3.001915395999999
0,1,8192,float32,eager,rmsnorm,backward_retained,gpu_event,224.32933251063028,243.83613665898642,1008,12,3.001915395999999
0,1,8192,float32,eager,rmsnorm,full_step,wall,357.362,389.418525,1033,8,3.000920420999999
0,1,8192,float32,eager,rmsnorm,full_step,gpu_event,325.24800300598145,355.44880628585815,1033,8,3.000920420999999
0,1,8192,float32,eager,rmsnorm,inference,wall,50.25175555555555,51.86982888888889,1320,45,3.0015379899999988
0,1,8192,float32,eager,rmsnorm,inference,gpu_event,46.82630962795682,48.28842878341675,1320,45,3.0015379899999988
0,1,8192,float32,eager,rmsnorm,training_forward,wall,57.55932142857142,59.191134523809524,1234,42,3.001105366999995
0,1,8192,float32,eager,rmsnorm,training_forward,gpu_event,53.588952336992534,55.220381702695576,1234,42,3.001105366999995
1,512,4096,bfloat16,eager,rmsnorm,training_forward,wall,91.69125,94.12995384615385,1252,26,3.0010839039999992
1,512,4096,bfloat16,eager,rmsnorm,training_forward,gpu_event,83.54030664150531,85.82442861336928,1252,26,3.0010839039999992
1,512,4096,bfloat16,eager,rmsnorm,backward_retained,wall,308.0303,345.49476,1000,10,3.143021323000004
1,512,4096,bfloat16,eager,rmsnorm,backward_retained,gpu_event,282.7280044555664,318.2591915130615,1000,10,3.143021323000004
1,512,4096,bfloat16,eager,rmsnorm,full_step,wall,475.7266428571428,517.3151357142857,1000,7,3.385404643999996
1,512,4096,bfloat16,eager,rmsnorm,full_step,gpu_event,437.1017047337123,476.7963290214538,1000,7,3.385404643999996
1,512,4096,bfloat16,eager,rmsnorm,inference,wall,81.54028571428572,84.25618928571429,1307,28,3.0014728470000005
1,512,4096,bfloat16,eager,rmsnorm,inference,gpu_event,75.51999602999005,78.18971361432757,1307,28,3.0014728470000005
0,512,8192,float32,eager,rmsnorm,backward_retained,wall,747.19475,759.3014999999999,1003,4,3.0016482930000015
0,512,8192,float32,eager,rmsnorm,backward_retained,gpu_event,667.136013507843,669.9519753456116,1003,4,3.0016482930000015
0,512,8192,float32,eager,rmsnorm,full_step,wall,921.176375,932.1582,1000,4,3.6915030810000022
0,512,8192,float32,eager,rmsnorm,full_step,gpu_event,844.2400097846985,848.0719923973083,1000,4,3.6915030810000022
0,512,8192,float32,eager,rmsnorm,inference,wall,82.15282142857143,83.54796785714285,1299,28,3.00135593399999
0,512,8192,float32,eager,rmsnorm,inference,gpu_event,75.81256968634469,76.8129118851253,1299,28,3.00135593399999
0,512,8192,float32,eager,rmsnorm,training_forward,wall,82.78833333333333,84.30712037037037,1336,27,3.001405244000006
0,512,8192,float32,eager,rmsnorm,training_forward,gpu_event,76.0082933637831,77.06814783590812,1336,27,3.001405244000006
1,1,1024,float32,native,layernorm,training_forward,wall,12.177126315789474,12.743812631578948,2574,95,3.001025925999998
1,1,1024,float32,native,layernorm,training_forward,gpu_event,9.528589248657227,10.03519986805163,2574,95,3.001025925999998
1,1,1024,float32,native,layernorm,backward_retained,wall,134.20239999999998,159.67297249999996,1084,20,3.0019689390000055
1,1,1024,float32,native,layernorm,backward_retained,gpu_event,105.42080402374268,126.15679502487183,1084,20,3.0019689390000055
1,1,1024,float32,native,layernorm,full_step,wall,197.90223333333336,216.84235333333334,1000,15,3.005956654000004
1,1,1024,float32,native,layernorm,full_step,gpu_event,165.34186999003092,182.55275328954062,1000,15,3.005956654000004
1,1,1024,float32,native,layernorm,inference,wall,12.21328947368421,12.643609649122807,2138,114,3.0006649709999964
1,1,1024,float32,native,layernorm,inference,gpu_event,9.89866674992076,10.320842266082764,2138,114,3.0006649709999964
1,1,4096,bfloat16,eager,layernorm,training_forward,wall,107.78872916666666,110.66962291666667,1154,24,3.0007689689999983
1,1,4096,bfloat16,eager,layernorm,training_forward,gpu_event,100.90667009353638,103.69493464628854,1154,24,3.0007689689999983
1,1,4096,bfloat16,eager,layernorm,backward_retained,wall,329.4338888888889,359.15139999999997,1000,9,3.0096536289999962
1,1,4096,bfloat16,eager,layernorm,backward_retained,gpu_event,303.90222867329913,331.1148325602213,1000,9,3.0096536289999962
1,1,4096,bfloat16,eager,layernorm,full_step,wall,528.9833333333333,620.2063666666664,1000,6,3.2366041889999972
1,1,4096,bfloat16,eager,layernorm,full_step,gpu_event,487.93598016103107,573.1242597103119,1000,6,3.2366041889999972
1,1,4096,bfloat16,eager,layernorm,inference,wall,98.55401923076923,102.09388653846153,1160,26,3.002211473999999
1,1,4096,bfloat16,eager,layernorm,inference,gpu_event,90.62400230994591,94.05046242934007,1160,26,3.002211473999999
0,4096,4096,float32,compiled,rmsnorm,backward_retained,wall,1075.8825,1091.0189666666668,1000,3,3.233689042000001
0,4096,4096,float32,compiled,rmsnorm,backward_retained,gpu_event,1005.5680274963379,1010.6922547022501,1000,3,3.233689042000001
0,4096,4096,float32,compiled,rmsnorm,full_step,wall,2073.556,2097.588875,1000,2,4.1519556830000015
0,4096,4096,float32,compiled,rmsnorm,full_step,gpu_event,2012.1440887451174,2031.266486644745,1000,2,4.1519556830000015
0,4096,4096,float32,compiled,rmsnorm,inference,wall,337.4467777777778,341.51866666666666,1000,9,3.051088325000002
0,4096,4096,float32,compiled,rmsnorm,inference,gpu_event,327.2248903910319,330.4106659359402,1000,9,3.051088325000002
0,4096,4096,float32,compiled,rmsnorm,training_forward,wall,343.2837777777778,347.81252777777775,1000,9,3.094753559000002
0,4096,4096,float32,compiled,rmsnorm,training_forward,gpu_event,332.3448763953315,335.96657514572144,1000,9,3.094753559000002
1,512,8192,bfloat16,native,rmsnorm,training_forward,wall,16.10364,17.087696666666666,2466,75,3.0009389680000003
1,512,8192,bfloat16,native,rmsnorm,training_forward,gpu_event,12.410879929860434,13.437013626098633,2466,75,3.0009389680000003
1,512,8192,bfloat16,native,rmsnorm,backward_retained,wall,179.70964285714285,197.12821428571425,1176,14,3.000448289999995
1,512,8192,bfloat16,native,rmsnorm,backward_retained,gpu_event,139.55656971250264,153.41713598796298,1176,14,3.000448289999995
1,512,8192,bfloat16,native,rmsnorm,full_step,wall,294.90355555555556,322.0236499999999,1114,9,3.0026246390000053
1,512,8192,bfloat16,native,rmsnorm,full_step,gpu_event,253.49688529968262,277.8965300983852,1114,9,3.0026246390000053
1,512,8192,bfloat16,native,rmsnorm,inference,wall,15.63609756097561,16.10325731707317,2332,82,3.0006391760000044
1,512,8192,bfloat16,native,rmsnorm,inference,gpu_event,12.350438571557767,12.727122335899168,2332,82,3.0006391760000044
0,4096,8192,float32,compiled,layernorm,backward_retained,wall,2145.34825,2163.96005,1000,2,4.296392019000004
0,4096,8192,float32,compiled,layernorm,backward_retained,gpu_event,2052.5920391082764,2057.215929031372,1000,2,4.296392019000004
0,4096,8192,float32,compiled,layernorm,full_step,wall,4348.635,4408.187849999999,1000,1,4.342159629000004
0,4096,8192,float32,compiled,layernorm,full_step,gpu_event,4130.720138549805,4171.777415275574,1000,1,4.342159629000004
0,4096,8192,float32,compiled,layernorm,inference,wall,671.0552,678.28254,1000,5,3.3593355049999998
0,4096,8192,float32,compiled,layernorm,inference,gpu_event,642.252779006958,646.9632148742676,1000,5,3.3593355049999998
0,4096,8192,float32,compiled,layernorm,training_forward,wall,678.8247,686.5768800000001,1000,5,3.4053921489999963
0,4096,8192,float32,compiled,layernorm,training_forward,gpu_event,651.2639999389648,657.6128005981445,1000,5,3.4053921489999963
1,1,4096,bfloat16,native,rmsnorm,training_forward,wall,13.090472602739727,13.70230821917808,3112,73,3.0006208240000025
1,1,4096,bfloat16,native,rmsnorm,training_forward,gpu_event,9.63682181214633,10.194849478055353,3112,73,3.0006208240000025
1,1,4096,bfloat16,native,rmsnorm,backward_retained,wall,153.43657894736842,166.6729736842105,1019,19,3.000051516000001
1,1,4096,bfloat16,native,rmsnorm,backward_retained,gpu_event,124.82020729466488,136.85507397902637,1019,19,3.000051516000001
1,1,4096,bfloat16,native,rmsnorm,full_step,wall,234.95846153846153,258.61575,1000,13,3.1068279390000013
1,1,4096,bfloat16,native,rmsnorm,full_step,gpu_event,202.75200330294095,225.05083817702072,1000,13,3.1068279390000013
1,1,4096,bfloat16,native,rmsnorm,inference,wall,12.568882352941175,13.024959313725489,2324,102,3.000478014000001
1,1,4096,bfloat16,native,rmsnorm,inference,gpu_event,9.847529962951063,10.270070562175675,2324,102,3.000478014000001
1,1,1024,bfloat16,eager,layernorm,training_forward,wall,108.13795652173914,111.37564782608695,1199,23,3.0006724609999997
1,1,1024,bfloat16,eager,layernorm,training_forward,gpu_event,100.83756239517875,104.13635295370351,1199,23,3.0006724609999997
1,1,1024,bfloat16,eager,layernorm,backward_retained,wall,335.22700000000003,365.49075555555555,1000,9,3.0635972990000035
1,1,1024,bfloat16,eager,layernorm,backward_retained,gpu_event,309.6835480795967,336.58310439851545,1000,9,3.0635972990000035
1,1,1024,bfloat16,eager,layernorm,full_step,wall,521.2635833333334,568.6547333333332,1000,6,3.1760951829999935
1,1,1024,bfloat16,eager,layernorm,full_step,gpu_event,492.0320113499959,538.8368089993794,1000,6,3.1760951829999935
1,1,1024,bfloat16,eager,layernorm,inference,wall,94.65180357142857,97.6830375,1128,28,3.000680778999994
1,1,1024,bfloat16,eager,layernorm,inference,gpu_event,87.99085446766445,90.47771351678031,1128,28,3.000680778999994
1,512,8192,bfloat16,compiled,rmsnorm,training_forward,wall,122.45213636363637,126.90591818181818,1108,22,3.0017842229999996
1,512,8192,bfloat16,compiled,rmsnorm,training_forward,gpu_event,116.16727438839999,120.16407739032398,1108,22,3.0017842229999996
1,512,8192,bfloat16,compiled,rmsnorm,backward_retained,wall,267.60995454545457,292.6843181818182,1016,11,3.0030916180000005
1,512,8192,bfloat16,compiled,rmsnorm,backward_retained,gpu_event,247.01381813396108,271.3832801038569,1016,11,3.0030916180000005
1,512,8192,bfloat16,compiled,rmsnorm,full_step,wall,510.77125,563.3359333333333,1000,6,3.096743145
1,512,8192,bfloat16,compiled,rmsnorm,full_step,gpu_event,488.25599749883014,541.1839882532755,1000,6,3.096743145
1,512,8192,bfloat16,compiled,rmsnorm,inference,wall,79.39585185185186,82.16587037037037,1391,27,3.0003194649999996
1,512,8192,bfloat16,compiled,rmsnorm,inference,gpu_event,76.03555255466037,78.81244465156837,1391,27,3.0003194649999996
1,4096,8192,bfloat16,compiled,rmsnorm,training_forward,wall,343.85372222222225,348.2864055555556,1000,9,3.100102569999993
1,4096,8192,bfloat16,compiled,rmsnorm,training_forward,gpu_event,332.3448763953315,336.10096772511804,1000,9,3.100102569999993
1,4096,8192,bfloat16,compiled,rmsnorm,backward_retained,wall,1868.95325,1889.717925,1000,2,3.7446960340000026
1,4096,8192,bfloat16,compiled,rmsnorm,backward_retained,gpu_event,1765.3839588165283,1772.0320224761963,1000,2,3.7446960340000026
1,4096,8192,bfloat16,compiled,rmsnorm,full_step,wall,4594.208500000001,4737.9043,1000,1,4.623658877000005
1,4096,8192,bfloat16,compiled,rmsnorm,full_step,gpu_event,4471.776008605957,4513.851237297058,1000,1,4.623658877000005
1,4096,8192,bfloat16,compiled,rmsnorm,inference,wall,345.4303888888889,349.9880166666666,1000,9,3.1243516039999983
1,4096,8192,bfloat16,compiled,rmsnorm,inference,gpu_event,327.79378361172144,330.72710037231445,1000,9,3.1243516039999983
1,1,4096,bfloat16,compiled,layernorm,training_forward,wall,119.21365217391303,122.69754782608696,1089,23,3.0027204969999994
1,1,4096,bfloat16,compiled,layernorm,training_forward,gpu_event,114.15234855983569,117.40160195723824,1089,23,3.0027204969999994
1,1,4096,bfloat16,compiled,layernorm,backward_retained,wall,252.11037499999998,274.0423833333333,1000,12,3.0410489350000014
1,1,4096,bfloat16,compiled,layernorm,backward_retained,gpu_event,234.15466149648032,256.0042689243952,1000,12,3.0410489350000014
1,1,4096,bfloat16,compiled,layernorm,full_step,wall,471.94964285714286,506.09556428571426,1000,7,3.320361933000002
1,1,4096,bfloat16,compiled,layernorm,full_step,gpu_event,453.9977141789028,487.7238869667053,1000,7,3.320361933000002
1,1,4096,bfloat16,compiled,layernorm,inference,wall,77.57588235294116,80.7007955882353,1130,34,3.001895685999992
1,1,4096,bfloat16,compiled,layernorm,inference,gpu_event,75.12093992794262,78.1884228481966,1130,34,3.001895685999992
0,4096,4096,bfloat16,native,rmsnorm,backward_retained,wall,1099.3310000000001,1123.7906166666667,1000,3,3.3085079949999963
0,4096,4096,bfloat16,native,rmsnorm,backward_retained,gpu_event,904.4693311055502,908.2880020141602,1000,3,3.3085079949999963
0,4096,4096,bfloat16,native,rmsnorm,full_step,wall,2282.1744999999996,2312.9863250000003,1000,2,4.572461881000006
0,4096,4096,bfloat16,native,rmsnorm,full_step,gpu_event,2074.6240615844727,2080.76810836792,1000,2,4.572461881000006
0,4096,4096,bfloat16,native,rmsnorm,inference,wall,158.37616666666668,160.25577777777775,1050,18,3.0011310309999994
0,4096,4096,bfloat16,native,rmsnorm,inference,gpu_event,143.70132817162408,144.04443899790445,1050,18,3.0011310309999994
0,4096,4096,bfloat16,native,rmsnorm,training_forward,wall,158.3456111111111,160.24235000000002,1050,18,3.000792092999994
0,4096,4096,bfloat16,native,rmsnorm,training_forward,gpu_event,143.70132817162408,144.02426415019565,1050,18,3.000792092999994
1,1,1024,float32,eager,rmsnorm,training_forward,wall,58.32645000000001,59.787507500000004,1280,40,3.000137280000002
1,1,1024,float32,eager,rmsnorm,training_forward,gpu_event,53.5040020942688,54.88640069961548,1280,40,3.000137280000002
1,1,1024,float32,eager,rmsnorm,backward_retained,wall,242.24295833333332,266.23283333333336,1016,12,3.0015654249999977
1,1,1024,float32,eager,rmsnorm,backward_retained,gpu_event,222.25067019462585,245.84133426348367,1016,12,3.0015654249999977
1,1,1024,float32,eager,rmsnorm,full_step,wall,353.9896111111111,392.7319166666666,1000,9,3.246471469
1,1,1024,float32,eager,rmsnorm,full_step,gpu_event,325.7404433356391,362.2689816686842,1000,9,3.246471469
1,1,1024,float32,eager,rmsnorm,inference,wall,50.442934782608695,51.839852173913044,1287,46,3.002094933
1,1,1024,float32,eager,rmsnorm,inference,gpu_event,47.081740006156586,48.544279907060705,1287,46,3.002094933
1,512,1024,float32,compiled,rmsnorm,training_forward,wall,116.13595652173913,119.91285434782607,1118,23,3.0024381200000025
1,512,1024,float32,compiled,rmsnorm,training_forward,gpu_event,112.06122066663659,115.62490255936332,1118,23,3.0024381200000025
1,512,1024,float32,compiled,rmsnorm,backward_retained,wall,245.42487500000004,261.9214166666667,1016,12,3.000216164
1,512,1024,float32,compiled,rmsnorm,backward_retained,gpu_event,230.65733909606934,246.5486725171407,1016,12,3.000216164
1,512,1024,float32,compiled,rmsnorm,full_step,wall,446.5961428571428,478.34490714285715,1000,7,3.1418101879999996
1,512,1024,float32,compiled,rmsnorm,full_step,gpu_event,430.51658357892717,462.4496017183576,1000,7,3.1418101879999996
1,512,1024,float32,compiled,rmsnorm,inference,wall,75.97975757575757,79.26479545454545,1188,33,3.000212695000006
1,512,1024,float32,compiled,rmsnorm,inference,gpu_event,73.16945538376316,75.88421684322935,1188,33,3.000212695000006
0,4096,1024,float32,eager,rmsnorm,backward_retained,wall,719.0551,728.74469,1000,5,3.6018122220000026
0,4096,1024,float32,eager,rmsnorm,backward_retained,gpu_event,664.9856090545654,667.2323083877563,1000,5,3.6018122220000026
0,4096,1024,float32,eager,rmsnorm,full_step,wall,910.13725,920.035075,1000,4,3.646179948000003
0,4096,1024,float32,eager,rmsnorm,full_step,gpu_event,844.2879915237427,847.0660179853439,1000,4,3.646179948000003
0,4096,1024,float32,eager,rmsnorm,inference,wall,80.85482142857143,82.30531071428571,1319,28,3.000084571000003
0,4096,1024,float32,eager,rmsnorm,inference,gpu_event,75.15428747449603,75.99542822156634,1319,28,3.000084571000003
0,4096,1024,float32,eager,rmsnorm,training_forward,wall,84.07392307692308,85.53999999999999,1375,26,3.000752346999994
0,4096,1024,float32,eager,rmsnorm,training_forward,gpu_event,75.30338489092314,76.28799860294049,1375,26,3.000752346999994
1,4096,8192,float32,native,layernorm,training_forward,wall,754.46325,761.0407375,1000,4,3.0217126549999977
1,4096,8192,float32,native,layernorm,training_forward,gpu_event,727.5519967079163,730.0571888685226,1000,4,3.0217126549999977
1,4096,8192,float32,native,layernorm,backward_retained,wall,2607.2835,2637.89115,1000,2,5.2240110510000015
1,4096,8192,float32,native,layernorm,backward_retained,gpu_event,2434.5600605010986,2440.1919841766357,1000,2,5.2240110510000015
1,4096,8192,float32,native,layernorm,full_step,wall,4633.182000000001,4681.62565,1000,1,4.640882414
1,4096,8192,float32,native,layernorm,full_step,gpu_event,4368.383884429932,4380.671977996826,1000,1,4.640882414
1,4096,8192,float32,native,layernorm,inference,wall,767.9052,776.0512,1000,5,3.8250694800000056
1,4096,8192,float32,native,layernorm,inference,gpu_event,727.2319793701172,729.4473695755005,1000,5,3.8250694800000056
0,512,1024,float32,eager,rmsnorm,backward_retained,wall,245.401,264.52534583333335,1008,12,3.002116454000001
0,512,1024,float32,eager,rmsnorm,backward_retained,gpu_event,226.76266233126324,246.42559587955472,1008,12,3.002116454000001
0,512,1024,float32,eager,rmsnorm,full_step,wall,360.47277777777776,394.01048888888886,1000,9,3.3056989940000006
0,512,1024,float32,eager,rmsnorm,full_step,gpu_event,335.18222967783606,366.7228539784749,1000,9,3.3056989940000006
0,512,1024,float32,eager,rmsnorm,inference,wall,50.729282608695655,52.296109782608696,1278,46,3.0004496079999985
0,512,1024,float32,eager,rmsnorm,inference,gpu_event,47.50469456548276,49.02511316797007,1278,46,3.0004496079999985
0,512,1024,float32,eager,rmsnorm,training_forward,wall,56.451279069767445,58.08800465116279,1229,43,3.001800504
0,512,1024,float32,eager,rmsnorm,training_forward,gpu_event,52.724095278008036,54.367253946703535,1229,43,3.001800504
0,4096,1024,float32,compiled,layernorm,backward_retained,wall,280.4892,306.56374,1065,10,3.0010225729999975
0,4096,1024,float32,compiled,layernorm,backward_retained,gpu_event,256.39679431915283,281.9718313217163,1065,10,3.0010225729999975
0,4096,1024,float32,compiled,layernorm,full_step,wall,497.5950833333334,555.8612083333334,1000,6,3.0059506609999986
0,4096,1024,float32,compiled,layernorm,full_step,gpu_event,472.330649693807,528.220542271932,1000,6,3.0059506609999986
0,4096,1024,float32,compiled,layernorm,inference,wall,80.69486666666666,84.08787833333332,1234,30,3.0014201959999984
0,4096,1024,float32,compiled,layernorm,inference,gpu_event,77.27786699930827,80.29216170310974,1234,30,3.0014201959999984
0,4096,1024,float32,compiled,layernorm,training_forward,wall,124.16268181818182,128.12025227272727,1092,22,3.0014954909999947
0,4096,1024,float32,compiled,layernorm,training_forward,gpu_event,119.34254386208274,123.02160154689442,1092,22,3.0014954909999947
0,1,1024,float32,eager,rmsnorm,backward_retained,wall,250.09529166666664,271.081125,1000,12,3.0360313960000043
0,1,1024,float32,eager,rmsnorm,backward_retained,gpu_event,226.474662621816,246.20800614356992,1000,12,3.0360313960000043
0,1,1024,float32,eager,rmsnorm,full_step,wall,368.976125,394.3423875,1008,8,3.001187405
0,1,1024,float32,eager,rmsnorm,full_step,gpu_event,329.91600036621094,356.5632030367851,1008,8,3.001187405
0,1,1024,float32,eager,rmsnorm,inference,wall,52.094411111111114,53.822563333333335,1272,45,3.002144663000002
0,1,1024,float32,eager,rmsnorm,inference,gpu_event,48.241779539320206,49.88846090104845,1272,45,3.002144663000002
0,1,1024,float32,eager,rmsnorm,training_forward,wall,58.983175,60.70091,1263,40,3.001396052000004
0,1,1024,float32,eager,rmsnorm,training_forward,gpu_event,54.451197385787964,56.08703792095184,1263,40,3.001396052000004
1,32,1024,bfloat16,compiled,layernorm,training_forward,wall,120.85609090909092,124.89484545454546,1120,22,3.000943018999999
1,32,1024,bfloat16,compiled,layernorm,training_forward,gpu_event,116.34545434604992,120.08727680553089,1120,22,3.000943018999999
1,32,1024,bfloat16,compiled,layernorm,backward_retained,wall,255.4755416666667,272.027275,1000,12,3.081099531999997
1,32,1024,bfloat16,compiled,layernorm,backward_retained,gpu_event,239.056001106898,254.91027534008023,1000,12,3.081099531999997
1,32,1024,bfloat16,compiled,layernorm,full_step,wall,476.59,511.4514714285714,1000,7,3.3560805969999987
1,32,1024,bfloat16,compiled,layernorm,full_step,gpu_event,460.4937178747995,493.7581828662327,1000,7,3.3560805969999987
1,32,1024,bfloat16,compiled,layernorm,inference,wall,76.05039393939393,78.74414999999999,1188,33,3.0021858389999996
1,32,1024,bfloat16,compiled,layernorm,inference,gpu_event,73.66400054006866,76.30046353195652,1188,33,3.0021858389999996
0,512,1024,bfloat16,compiled,layernorm,backward_retained,wall,269.18454545454546,288.2251090909091,1007,11,3.001886082000001
0,512,1024,bfloat16,compiled,layernorm,backward_retained,gpu_event,246.97017669677734,264.6082943136042,1007,11,3.001886082000001
0,512,1024,bfloat16,compiled,layernorm,full_step,wall,498.01824999999997,534.3936833333333,1000,6,3.0074614109999995
0,512,1024,bfloat16,compiled,layernorm,full_step,gpu_event,473.25865427652997,509.4570517539978,1000,6,3.0074614109999995
0,512,1024,bfloat16,compiled,layernorm,inference,wall,79.38936363636364,81.89848636363637,1140,33,3.0015243840000037
0,512,1024,bfloat16,compiled,layernorm,inference,gpu_event,76.42763311212713,78.88150251272954,1140,33,3.0015243840000037
0,512,1024,bfloat16,compiled,layernorm,training_forward,wall,123.81218181818183,127.56279545454545,1096,22,3.0008723750000024
0,512,1024,bfloat16,compiled,layernorm,training_forward,gpu_event,119.03490803458473,122.60072881525213,1096,22,3.0008723750000024
0,32,8192,float32,eager,rmsnorm,backward_retained,wall,249.84216666666669,272.13205,1000,12,3.042395011000003
0,32,8192,float32,eager,rmsnorm,backward_retained,gpu_event,227.58400440216064,248.250408967336,1000,12,3.042395011000003
0,32,8192,float32,eager,rmsnorm,full_step,wall,370.483125,405.5793125,1000,8,3.021020237999997
0,32,8192,float32,eager,rmsnorm,full_step,gpu_event,337.40800619125366,371.8581870198249,1000,8,3.021020237999997
0,32,8192,float32,eager,rmsnorm,inference,wall,53.852311111111106,55.35070222222222,1229,45,3.000170439999994
0,32,8192,float32,eager,rmsnorm,inference,gpu_event,50.05937682257758,51.56864060295952,1229,45,3.000170439999994
0,32,8192,float32,eager,rmsnorm,training_forward,wall,61.380625,63.11602,1218,40,3.0022053749999977
0,32,8192,float32,eager,rmsnorm,training_forward,gpu_event,56.86839818954468,58.474238216876984,1218,40,3.0022053749999977
1,4096,8192,bfloat16,native,layernorm,training_forward,wall,330.49685,334.043875,1000,10,3.2984635859999942
1,4096,8192,bfloat16,native,layernorm,training_forward,gpu_event,305.66399097442627,306.38143658638,1000,10,3.2984635859999942
1,4096,8192,bfloat16,native,layernorm,backward_retained,wall,2195.6087500000003,2234.058325,1000,2,4.399889073999992
1,4096,8192,bfloat16,native,layernorm,backward_retained,gpu_event,1969.663977622986,1979.904055595398,1000,2,4.399889073999992
1,4096,8192,bfloat16,native,layernorm,full_step,wall,4718.0175,4770.220949999999,1000,1,4.725703198999999
1,4096,8192,bfloat16,native,layernorm,full_step,gpu_event,4376.399993896484,4391.9358253479,1000,1,4.725703198999999
1,4096,8192,bfloat16,native,layernorm,inference,wall,325.05555555555554,329.16749444444446,1024,9,3.0024211090000024
1,4096,8192,bfloat16,native,layernorm,inference,gpu_event,305.72088559468585,306.6311147477892,1024,9,3.0024211090000024
1,4096,1024,bfloat16,eager,rmsnorm,training_forward,wall,168.24525,173.743675,1105,16,3.0008513359999958
1,4096,1024,bfloat16,eager,rmsnorm,training_forward,gpu_event,156.60400688648224,159.2320054769516,1105,16,3.0008513359999958
1,4096,1024,bfloat16,eager,rmsnorm,backward_retained,wall,782.800625,796.7179875,1000,4,3.1341641270000022
1,4096,1024,bfloat16,eager,rmsnorm,backward_retained,gpu_event,696.832001209259,699.1488188505173,1000,4,3.1341641270000022
1,4096,1024,bfloat16,eager,rmsnorm,full_step,wall,1051.7469999999998,1066.51425,1000,3,3.163145583000002
1,4096,1024,bfloat16,eager,rmsnorm,full_step,gpu_event,948.2239882151285,954.7093709309896,1000,3,3.163145583000002
1,4096,1024,bfloat16,eager,rmsnorm,inference,wall,168.29834375000002,170.65315312500002,1112,16,3.000954702999999
1,4096,1024,bfloat16,eager,rmsnorm,inference,gpu_event,156.6080003976822,157.97539800405502,1112,16,3.000954702999999
0,32,4096,bfloat16,eager,layernorm,backward_retained,wall,339.6495,369.38867222222217,1000,9,3.105711164
0,32,4096,bfloat16,eager,layernorm,backward_retained,gpu_event,314.8231241438124,343.17209588156805,1000,9,3.105711164
0,32,4096,bfloat16,eager,layernorm,full_step,wall,536.5821666666666,584.6253166666665,1000,6,3.2743333930000005
0,32,4096,bfloat16,eager,layernorm,full_step,gpu_event,503.63731384277344,546.7088023821512,1000,6,3.2743333930000005
0,32,4096,bfloat16,eager,layernorm,inference,wall,100.94736,103.884768,1179,25,3.002239916999996
0,32,4096,bfloat16,eager,layernorm,inference,gpu_event,92.40575790405273,95.1091194152832,1179,25,3.002239916999996
0,32,4096,bfloat16,eager,layernorm,training_forward,wall,113.76091304347825,116.40313043478261,1141,23,3.000063127
0,32,4096,bfloat16,eager,layernorm,training_forward,gpu_event,104.61912984433381,107.1109564408012,1141,23,3.000063127
0,1,8192,bfloat16,compiled,layernorm,backward_retained,wall,256.496875,274.57050833333335,1000,12,3.0950366770000004
0,1,8192,bfloat16,compiled,layernorm,backward_retained,gpu_event,238.80532383918762,256.25600417455036,1000,12,3.0950366770000004
0,1,8192,bfloat16,compiled,layernorm,full_step,wall,468.3512857142857,511.0654285714285,1000,7,3.304834513000001
0,1,8192,bfloat16,compiled,layernorm,full_step,gpu_event,451.2182814734323,490.49188239233837,1000,7,3.304834513000001
0,1,8192,bfloat16,compiled,layernorm,inference,wall,76.32656250000001,79.8374,1217,32,3.0016127589999995
0,1,8192,bfloat16,compiled,layernorm,inference,gpu_event,73.72800260782242,77.0224004983902,1217,32,3.0016127589999995
0,1,8192,bfloat16,compiled,layernorm,training_forward,wall,117.36652173913043,121.17982608695652,1105,23,3.001239589999998
0,1,8192,bfloat16,compiled,layernorm,training_forward,gpu_event,113.35235056669816,116.96306104245393,1105,23,3.001239589999998
0,1,1024,bfloat16,compiled,rmsnorm,backward_retained,wall,249.57845454545452,265.52430909090907,1089,11,3.0024716560000013
0,1,1024,bfloat16,compiled,rmsnorm,backward_retained,gpu_event,232.07562619989568,247.7335279638117,1089,11,3.0024716560000013
0,1,1024,bfloat16,compiled,rmsnorm,full_step,wall,470.68521428571427,502.7484428571429,1000,7,3.318381995000001
0,1,1024,bfloat16,compiled,rmsnorm,full_step,gpu_event,443.24571745736256,473.8239935466221,1000,7,3.318381995000001
0,1,1024,bfloat16,compiled,rmsnorm,inference,wall,78.23009375000001,82.09870624999999,1189,32,3.001046732999996
0,1,1024,bfloat16,compiled,rmsnorm,inference,gpu_event,74.39900189638138,77.91620045900345,1189,32,3.001046732999996
0,1,1024,bfloat16,compiled,rmsnorm,training_forward,wall,115.04143478260869,118.37029565217391,1129,23,3.0011736760000023
0,1,1024,bfloat16,compiled,rmsnorm,training_forward,gpu_event,109.79060504747474,112.90712978528893,1129,23,3.0011736760000023
1,4096,1024,float32,native,rmsnorm,training_forward,wall,21.21936764705882,22.145641911764706,2064,68,3.0014632780000006
1,4096,1024,float32,native,rmsnorm,training_forward,gpu_event,17.2694115077748,18.221176722470453,2064,68,3.0014632780000006
1,4096,1024,float32,native,rmsnorm,backward_retained,wall,182.47215384615387,199.23692307692306,1251,13,3.000056272000007
1,4096,1024,float32,native,rmsnorm,backward_retained,gpu_event,137.53107877878043,149.94215048276462,1251,13,3.000056272000007
1,4096,1024,float32,native,rmsnorm,full_step,wall,278.5457777777778,294.95205000000004,1184,9,3.0013711499999975
1,4096,1024,float32,native,rmsnorm,full_step,gpu_event,223.91467624240448,234.17883581585355,1184,9,3.0013711499999975
1,4096,1024,float32,native,rmsnorm,inference,wall,21.327338235294118,21.886014705882353,2059,68,3.001279149
1,4096,1024,float32,native,rmsnorm,inference,gpu_event,17.333647784064798,17.633881639031802,2059,68,3.001279149
1,512,4096,float32,compiled,layernorm,training_forward,wall,121.21134782608695,125.11691304347826,1071,23,3.0015694980000003
1,512,4096,float32,compiled,layernorm,training_forward,gpu_event,117.0921740324601,120.98782477171525,1071,23,3.0015694980000003
1,512,4096,float32,compiled,layernorm,backward_retained,wall,251.555125,273.6984,1000,12,3.033475756000004
1,512,4096,float32,compiled,layernorm,backward_retained,gpu_event,236.2026572227478,258.0582688252131,1000,12,3.033475756000004
1,512,4096,float32,compiled,layernorm,full_step,wall,461.2777142857143,503.77325,1000,7,3.2587256160000013
1,512,4096,float32,compiled,layernorm,full_step,gpu_event,445.7325594765799,487.8841161727905,1000,7,3.2587256160000013
1,512,4096,float32,compiled,layernorm,inference,wall,77.6375,81.93219999999998,1189,32,3.0022475120000025
1,512,4096,float32,compiled,layernorm,inference,gpu_event,75.16799867153168,78.92640084028244,1189,32,3.0022475120000025
1,32,8192,float32,eager,layernorm,training_forward,wall,80.87535483870968,83.06019354838709,1189,31,3.0002772979999968
1,32,8192,float32,eager,layernorm,training_forward,gpu_event,75.84206519588348,77.95613042769894,1189,31,3.0002772979999968
1,32,8192,float32,eager,layernorm,backward_retained,wall,286.37754545454544,312.00343636363635,1000,11,3.199353711999999
1,32,8192,float32,eager,layernorm,backward_retained,gpu_event,266.6138193824074,290.83927653052586,1000,11,3.199353711999999
1,32,8192,float32,eager,layernorm,full_step,wall,438.2656428571429,474.76834285714284,1000,7,3.1149829970000007
1,32,8192,float32,eager,layernorm,full_step,gpu_event,403.3120019095285,439.45280313491816,1000,7,3.1149829970000007
1,32,8192,float32,eager,layernorm,inference,wall,71.25967142857144,73.2054,1196,35,3.0019759639999988
1,32,8192,float32,eager,layernorm,inference,gpu_event,67.349944795881,69.2516599382673,1196,35,3.0019759639999988
1,512,8192,float32,native,layernorm,training_forward,wall,26.56842372881356,28.415169491525425,1899,59,3.0002515160000094
1,512,8192,float32,native,layernorm,training_forward,gpu_event,22.2665758456214,24.109070988024694,1899,59,3.0002515160000094
1,512,8192,float32,native,layernorm,backward_retained,wall,177.30115384615385,189.39249999999998,1286,13,3.001026521000003
1,512,8192,float32,native,layernorm,backward_retained,gpu_event,137.68861843989447,146.352612055265,1286,13,3.001026521000003
1,512,8192,float32,native,layernorm,full_step,wall,268.88555,282.052075,1106,10,3.0025508139999992
1,512,8192,float32,native,layernorm,full_step,gpu_event,224.76799488067627,231.70560002326965,1106,10,3.0025508139999992
1,512,8192,float32,native,layernorm,inference,wall,26.27546875,26.843840625,1780,64,3.0013072589999985
1,512,8192,float32,native,layernorm,inference,gpu_event,22.36800082027912,22.752000018954277,1780,64,3.0013072589999985
0,512,4096,bfloat16,eager,rmsnorm,backward_retained,wall,309.37177777777777,343.26033333333334,1061,9,3.0017552980000004
0,512,4096,bfloat16,eager,rmsnorm,backward_retained,gpu_event,281.48621982998316,313.57155905829535,1061,9,3.0017552980000004
0,512,4096,bfloat16,eager,rmsnorm,full_step,wall,471.67471428571434,517.7512071428571,1000,7,3.356260266999998
0,512,4096,bfloat16,eager,rmsnorm,full_step,gpu_event,434.0297154017857,477.22949641091475,1000,7,3.356260266999998
0,512,4096,bfloat16,eager,rmsnorm,inference,wall,78.74093333333333,81.08403333333334,1261,30,3.0020641029999986
0,512,4096,bfloat16,eager,rmsnorm,inference,gpu_event,73.28426837921143,75.4688024520874,1261,30,3.0020641029999986
0,512,4096,bfloat16,eager,rmsnorm,training_forward,wall,89.1665925925926,91.91942592592592,1239,27,3.001384968999999
0,512,4096,bfloat16,eager,rmsnorm,training_forward,gpu_event,82.64059490627713,85.2180110083686,1239,27,3.001384968999999
1,4096,4096,float32,compiled,rmsnorm,training_forward,wall,343.74305555555554,348.79231666666664,1000,9,3.0990111910000024
1,4096,4096,float32,compiled,rmsnorm,training_forward,gpu_event,332.2311242421468,336.4408810933431,1000,9,3.0990111910000024
1,4096,4096,float32,compiled,rmsnorm,backward_retained,wall,1069.1376666666667,1082.2200166666667,1000,3,3.214342814000001
1,4096,4096,float32,compiled,rmsnorm,backward_retained,gpu_event,1005.9093634287516,1010.6927871704102,1000,3,3.214342814000001
1,4096,4096,float32,compiled,rmsnorm,full_step,wall,2069.42075,2138.6890500000004,1000,2,4.161311499999996
1,4096,4096,float32,compiled,rmsnorm,full_step,gpu_event,2011.136054992676,2031.1296820640562,1000,2,4.161311499999996
1,4096,4096,float32,compiled,rmsnorm,inference,wall,346.1683888888889,350.66923333333335,1000,9,3.130725060999998
1,4096,4096,float32,compiled,rmsnorm,inference,gpu_event,327.68000496758356,330.5143025186327,1000,9,3.130725060999998
1,4096,1024,float32,eager,layernorm,training_forward,wall,166.340375,169.82283124999998,1123,16,3.0020843690000056
1,4096,1024,float32,eager,layernorm,training_forward,gpu_event,156.4120054244995,159.6758008003235,1123,16,3.0020843690000056
1,4096,1024,float32,eager,layernorm,backward_retained,wall,775.7825,788.454375,1000,4,3.107518373000004
1,4096,1024,float32,eager,layernorm,backward_retained,gpu_event,708.8639736175537,713.9840126037598,1000,4,3.107518373000004
1,4096,1024,float32,eager,layernorm,full_step,wall,1000.93225,1010.1732375,1000,4,4.010877510999994
1,4096,1024,float32,eager,layernorm,full_step,gpu_event,937.9839897155762,942.3468202352524,1000,4,4.010877510999994
1,4096,1024,float32,eager,layernorm,inference,wall,165.69729411764706,171.08641176470587,1057,17,3.0009097999999996
1,4096,1024,float32,eager,layernorm,inference,gpu_event,156.0037697062773,157.75623041040757,1057,17,3.0009097999999996
1,32,4096,bfloat16,native,layernorm,training_forward,wall,12.288181818181817,12.777660606060607,2449,99,3.0008155739999998
1,32,4096,bfloat16,native,layernorm,training_forward,gpu_event,9.733171776087596,10.219312677479754,2449,99,3.0008155739999998
1,32,4096,bfloat16,native,layernorm,backward_retained,wall,150.13342105263158,164.22352105263158,1039,19,3.002565773999997
1,32,4096,bfloat16,native,layernorm,backward_retained,gpu_event,121.96378958852668,133.620380100451,1039,19,3.002565773999997
1,32,4096,bfloat16,native,layernorm,full_step,wall,233.98192307692307,249.19878076923075,1000,13,3.071177850999999
1,32,4096,bfloat16,native,layernorm,full_step,gpu_event,207.08430730379544,221.66449290055493,1000,13,3.071177850999999
1,32,4096,bfloat16,native,layernorm,inference,wall,12.522205882352942,13.014034313725489,2331,102,3.0002456269999946
1,32,4096,bfloat16,native,layernorm,inference,gpu_event,10.027607282002768,10.490980802797804,2331,102,3.0002456269999946
0,512,4096,float32,native,layernorm,backward_retained,wall,146.57210526315788,165.70313684210527,1067,19,3.0000132300000013
0,512,4096,float32,native,layernorm,backward_retained,gpu_event,119.22526359558105,136.48302931534616,1067,19,3.0000132300000013
0,512,4096,float32,native,layernorm,full_step,wall,203.44539285714285,225.38196428571428,1034,14,3.0029058260000054
0,512,4096,float32,native,layernorm,full_step,gpu_event,171.7702831540789,192.88137555122373,1034,14,3.0029058260000054
0,512,4096,float32,native,layernorm,inference,wall,16.184405063291138,16.72488924050633,2326,79,3.000838762000006
0,512,4096,float32,native,layernorm,inference,gpu_event,13.026835043219071,13.272303569165967,2326,79,3.000838762000006
0,512,4096,float32,native,layernorm,training_forward,wall,16.179781249999998,16.608890625,2300,80,3.0003305519999985
0,512,4096,float32,native,layernorm,training_forward,gpu_event,13.017599284648895,13.222399353981018,2300,80,3.0003305519999985
0,1,4096,float32,compiled,layernorm,backward_retained,wall,238.25823076923078,253.08607692307692,1000,13,3.1117823029999987
0,1,4096,float32,compiled,layernorm,backward_retained,gpu_event,224.57108130821814,238.6832017164964,1000,13,3.1117823029999987
0,1,4096,float32,compiled,layernorm,full_step,wall,433.79535714285714,464.8806714285715,1000,7,3.0512172169999974
0,1,4096,float32,compiled,layernorm,full_step,gpu_event,415.8902849469866,441.3142919540405,1000,7,3.0512172169999974
0,1,4096,float32,compiled,layernorm,inference,wall,78.54678125,81.82583125,1185,32,3.0020385259999984
0,1,4096,float32,compiled,layernorm,inference,gpu_event,73.98399710655212,76.80000364780426,1185,32,3.0020385259999984
0,1,4096,float32,compiled,layernorm,training_forward,wall,118.08234782608695,121.30441521739131,1100,23,3.0022160249999987
0,1,4096,float32,compiled,layernorm,training_forward,gpu_event,112.10574274477752,115.22225711656654,1100,23,3.0022160249999987
0,32,8192,bfloat16,native,rmsnorm,backward_retained,wall,153.62555882352942,167.52442647058825,1136,17,3.0020789439999986
0,32,8192,bfloat16,native,rmsnorm,backward_retained,gpu_event,121.13317321328556,132.93929661021514,1136,17,3.0020789439999986
0,32,8192,bfloat16,native,rmsnorm,full_step,wall,239.54833333333332,260.13259166666666,1028,12,3.0000722089999994
0,32,8192,bfloat16,native,rmsnorm,full_step,gpu_event,209.74934101104736,228.765728076299,1028,12,3.0000722089999994
0,32,8192,bfloat16,native,rmsnorm,inference,wall,13.391056179775282,13.933133707865169,2503,89,3.0005676730000044
0,32,8192,bfloat16,native,rmsnorm,inference,gpu_event,10.231371006269134,10.746247312995825,2503,89,3.0005676730000044
0,32,8192,bfloat16,native,rmsnorm,training_forward,wall,13.577186813186811,14.070367032967035,2413,91,3.000129011000003
0,32,8192,bfloat16,native,rmsnorm,training_forward,gpu_event,10.476307554559392,10.93767042998429,2413,91,3.000129011000003
1,512,8192,float32,eager,rmsnorm,training_forward,wall,82.22670833333332,85.84497708333333,1510,24,3.0009098800000027
1,512,8192,float32,eager,rmsnorm,training_forward,gpu_event,75.09333391984303,78.59200239181519,1510,24,3.0009098800000027
1,512,8192,float32,eager,rmsnorm,backward_retained,wall,716.8069,726.80626,1000,5,3.589702882000003
1,512,8192,float32,eager,rmsnorm,backward_retained,gpu_event,664.9856090545654,669.0947389602661,1000,5,3.589702882000003
1,512,8192,float32,eager,rmsnorm,full_step,wall,908.49,919.106475,1000,4,3.640036015999993
1,512,8192,float32,eager,rmsnorm,full_step,gpu_event,845.0639843940735,848.8960266113281,1000,4,3.640036015999993
1,512,8192,float32,eager,rmsnorm,inference,wall,83.20985714285713,84.43953571428571,1293,28,3.001657917000003
1,512,8192,float32,eager,rmsnorm,inference,gpu_event,75.26400259562901,76.10697235379901,1293,28,3.001657917000003
1,32,4096,bfloat16,eager,rmsnorm,training_forward,wall,87.19489285714288,89.54919642857142,1223,28,3.001996442000007
1,32,4096,bfloat16,eager,rmsnorm,training_forward,gpu_event,80.96914631979806,83.34628173283168,1223,28,3.001996442000007
1,32,4096,bfloat16,eager,rmsnorm,backward_retained,wall,297.74244999999996,326.70483499999995,1000,10,3.028896721999997
1,32,4096,bfloat16,eager,rmsnorm,backward_retained,gpu_event,275.55840015411377,300.8950352668762,1000,10,3.028896721999997
1,32,4096,bfloat16,eager,rmsnorm,full_step,wall,457.98442857142857,495.9176285714285,1000,7,3.2529075570000012
1,32,4096,bfloat16,eager,rmsnorm,full_step,gpu_event,423.05827140808105,457.63269322259083,1000,7,3.2529075570000012
1,32,4096,bfloat16,eager,rmsnorm,inference,wall,76.784625,78.816203125,1216,32,3.002111789999995
1,32,4096,bfloat16,eager,rmsnorm,inference,gpu_event,71.99999690055847,73.95199686288834,1216,32,3.002111789999995
1,4096,4096,bfloat16,eager,layernorm,training_forward,wall,1982.93375,1996.795375,1000,2,3.971865449999993
1,4096,4096,bfloat16,eager,layernorm,training_forward,gpu_event,1891.8399810791016,1896.448016166687,1000,2,3.971865449999993
1,4096,4096,bfloat16,eager,layernorm,backward_retained,wall,6058.374,6110.43965,1000,1,6.068187953999992
1,4096,4096,bfloat16,eager,layernorm,backward_retained,gpu_event,5798.01607131958,5810.175895690918,1000,1,6.068187953999992
1,4096,4096,bfloat16,eager,layernorm,full_step,wall,8884.244,9162.475050000001,1000,1,8.907080084999986
1,4096,4096,bfloat16,eager,layernorm,full_step,gpu_event,8731.680393218994,8748.031616210938,1000,1,8.907080084999986
1,4096,4096,bfloat16,eager,layernorm,inference,wall,2015.30175,2038.2007499999997,1000,2,4.037121551000006
1,4096,4096,bfloat16,eager,layernorm,inference,gpu_event,1891.8399810791016,1896.9600200653076,1000,2,4.037121551000006
0,512,1024,bfloat16,native,layernorm,backward_retained,wall,151.58973684210525,164.69221052631576,1031,19,3.0015814129999945
0,512,1024,bfloat16,native,layernorm,backward_retained,gpu_event,123.14947027909129,135.49137115478516,1031,19,3.0015814129999945
0,512,1024,bfloat16,native,layernorm,full_step,wall,234.74576923076924,253.94199615384616,1000,13,3.0983330129999955
0,512,1024,bfloat16,native,layernorm,full_step,gpu_event,207.67015677232007,226.2552582300626,1000,13,3.0983330129999955
0,512,1024,bfloat16,native,layernorm,inference,wall,12.304371428571429,12.761716190476191,2309,105,3.0000397420000002
0,512,1024,bfloat16,native,layernorm,inference,gpu_event,9.916343007768903,10.35702909742083,2309,105,3.0000397420000002
0,512,1024,bfloat16,native,layernorm,training_forward,wall,12.254520000000001,12.7667995,2428,100,3.000129583000009
0,512,1024,bfloat16,native,layernorm,training_forward,gpu_event,9.758399724960327,10.26047945022583,2428,100,3.000129583000009
0,512,4096,float32,eager,rmsnorm,backward_retained,wall,260.356,288.4111818181817,1029,11,3.0014644050000028
0,512,4096,float32,eager,rmsnorm,backward_retained,gpu_event,239.98837037519976,266.07243364507497,1029,11,3.0014644050000028
0,512,4096,float32,eager,rmsnorm,full_step,wall,375.14931249999995,413.3137,1000,8,3.058344494999999
0,512,4096,float32,eager,rmsnorm,full_step,gpu_event,345.84400057792664,382.0880100131034,1000,8,3.058344494999999
0,512,4096,float32,eager,rmsnorm,inference,wall,53.00807692307693,54.727333333333334,1441,39,3.001018498
0,512,4096,float32,eager,rmsnorm,inference,gpu_event,49.152001356467224,50.77989896138509,1441,39,3.001018498
0,512,4096,float32,eager,rmsnorm,training_forward,wall,59.643675675675674,61.33302702702702,1353,37,3.002222294000001
0,512,4096,float32,eager,rmsnorm,training_forward,gpu_event,55.21297454833984,56.79048718632878,1353,37,3.002222294000001
1,32,8192,float32,compiled,rmsnorm,training_forward,wall,120.369,124.66827391304349,1079,23,3.001996587999999
1,32,8192,float32,compiled,rmsnorm,training_forward,gpu_event,114.3763479979142,118.97544757179591,1079,23,3.001996587999999
1,32,8192,float32,compiled,rmsnorm,backward_retained,wall,247.00991666666664,265.3690916666667,1007,12,3.0000386380000013
1,32,8192,float32,compiled,rmsnorm,backward_retained,gpu_event,226.81599855422974,243.79493991533914,1007,12,3.0000386380000013
1,32,8192,float32,compiled,rmsnorm,full_step,wall,455.96371428571433,487.7414714285714,1000,7,3.2062166490000004
1,32,8192,float32,compiled,rmsnorm,full_step,gpu_event,433.74170575823103,464.48341608047485,1000,7,3.2062166490000004
1,32,8192,float32,compiled,rmsnorm,inference,wall,78.1359090909091,81.37101818181819,1157,33,3.000075081999996
1,32,8192,float32,compiled,rmsnorm,inference,gpu_event,75.05842411156857,78.07534680222021,1157,33,3.000075081999996
0,32,4096,bfloat16,native,layernorm,backward_retained,wall,154.56226315789473,167.99715789473683,1011,19,3.0017945409999958
0,32,4096,bfloat16,native,layernorm,backward_retained,gpu_event,123.29937282361482,135.6530565964548,1011,19,3.0017945409999958
0,32,4096,bfloat16,native,layernorm,full_step,wall,240.85904166666666,263.9200041666667,1022,12,3.0020472039999992
0,32,4096,bfloat16,native,layernorm,full_step,gpu_event,206.16533358891806,228.73012522856376,1022,12,3.0020472039999992
0,32,4096,bfloat16,native,layernorm,inference,wall,12.92480808080808,13.395272727272726,2327,99,3.000490895999997
0,32,4096,bfloat16,native,layernorm,inference,gpu_event,10.146909289889866,10.598917200107765,2327,99,3.000490895999997
0,32,4096,bfloat16,native,layernorm,training_forward,wall,12.98334,13.4631,2293,100,3.000622674
0,32,4096,bfloat16,native,layernorm,training_forward,gpu_event,10.270719528198242,10.69920039176941,2293,100,3.000622674
1,512,1024,bfloat16,eager,rmsnorm,training_forward,wall,86.52996551724138,88.81332413793103,1189,29,3.0014894170000006
1,512,1024,bfloat16,eager,rmsnorm,training_forward,gpu_event,80.71503145941372,82.97754320605048,1189,29,3.0014894170000006
1,512,1024,bfloat16,eager,rmsnorm,backward_retained,wall,293.1535,317.868605,1010,10,3.002650360000004
1,512,1024,bfloat16,eager,rmsnorm,backward_retained,gpu_event,271.2575912475586,294.11327838897705,1010,10,3.002650360000004
1,512,1024,bfloat16,eager,rmsnorm,full_step,wall,467.524,512.8971214285714,1000,7,3.3292093500000015
1,512,1024,bfloat16,eager,rmsnorm,full_step,gpu_event,419.9999911444528,463.92136982509066,1000,7,3.3292093500000015
1,512,1024,bfloat16,eager,rmsnorm,inference,wall,77.68939393939394,79.71989696969698,1165,33,3.0008713030000003
1,512,1024,bfloat16,eager,rmsnorm,inference,gpu_event,71.64896618236195,73.66535591356681,1165,33,3.0008713030000003
1,512,4096,bfloat16,eager,layernorm,training_forward,wall,110.1175,112.97516363636363,1233,22,3.0017847980000005
1,512,4096,bfloat16,eager,layernorm,training_forward,gpu_event,102.58763486688787,105.30443625016645,1233,22,3.0017847980000005
1,512,4096,bfloat16,eager,layernorm,backward_retained,wall,342.36994444444446,382.8893888888888,1000,9,3.143526283999998
1,512,4096,bfloat16,eager,layernorm,backward_retained,gpu_event,318.12267833285864,359.0158303578694,1000,9,3.143526283999998
1,512,4096,bfloat16,eager,layernorm,full_step,wall,537.6423333333333,589.9526583333334,1000,6,3.2804230379999986
1,512,4096,bfloat16,eager,layernorm,full_step,gpu_event,508.7253252665202,561.6725186506907,1000,6,3.2804230379999986
1,512,4096,bfloat16,eager,layernorm,inference,wall,99.45518000000001,102.08568399999999,1202,25,3.001390739
1,512,4096,bfloat16,eager,layernorm,inference,gpu_event,90.9497594833374,93.42566013336182,1202,25,3.001390739
0,1,8192,float32,native,layernorm,backward_retained,wall,133.52794999999998,148.06083,1107,20,3.002269819000002
0,1,8192,float32,native,layernorm,backward_retained,gpu_event,107.56319761276245,120.32511830329895,1107,20,3.002269819000002
0,1,8192,float32,native,layernorm,full_step,wall,195.31550000000001,208.423096875,1000,16,3.1585670479999997
0,1,8192,float32,native,layernorm,full_step,gpu_event,169.07600313425064,182.01600015163422,1000,16,3.1585670479999997
0,1,8192,float32,native,layernorm,inference,wall,13.17936813186813,13.676758241758241,2484,91,3.0001529520000054
0,1,8192,float32,native,layernorm,inference,gpu_event,10.44254971074534,10.947956095685015,2484,91,3.0001529520000054
0,1,8192,float32,native,layernorm,training_forward,wall,13.18669680851064,13.703731382978724,2402,94,3.0000887449999962
0,1,8192,float32,native,layernorm,training_forward,gpu_event,10.534808356711206,11.046450949729758,2402,94,3.0000887449999962
1,4096,4096,bfloat16,native,rmsnorm,training_forward,wall,158.31233333333333,160.1441388888889,1051,18,3.002430402
1,4096,4096,bfloat16,native,rmsnorm,training_forward,gpu_event,143.65155167049832,144.05511485205756,1051,18,3.002430402
1,4096,4096,bfloat16,native,rmsnorm,backward_retained,wall,1090.4316666666668,1115.6788166666668,1000,3,3.280662390000002
1,4096,4096,bfloat16,native,rmsnorm,backward_retained,gpu_event,904.1919708251953,908.3530465761821,1000,3,3.280662390000002
1,4096,4096,bfloat16,native,rmsnorm,full_step,wall,2270.2912499999998,2294.012425,1000,2,4.545659345999995
1,4096,4096,bfloat16,native,rmsnorm,full_step,gpu_event,2074.1119384765625,2080.1920890808105,1000,2,4.545659345999995
1,4096,4096,bfloat16,native,rmsnorm,inference,wall,157.53219444444446,159.48955555555554,1056,18,3.002295030000005
1,4096,4096,bfloat16,native,rmsnorm,inference,gpu_event,143.70132817162408,143.99866925345526,1056,18,3.002295030000005
0,1,8192,bfloat16,eager,layernorm,backward_retained,wall,335.86722222222227,367.24851666666666,1000,9,3.0721145219999997
0,1,8192,bfloat16,eager,layernorm,backward_retained,gpu_event,308.78044499291315,338.4833878941006,1000,9,3.0721145219999997
0,1,8192,bfloat16,eager,layernorm,full_step,wall,525.9312499999999,574.0783833333334,1000,6,3.207186612999998
0,1,8192,bfloat16,eager,layernorm,full_step,gpu_event,494.5919911066691,541.4130568504333,1000,6,3.207186612999998
0,1,8192,bfloat16,eager,layernorm,inference,wall,96.77096296296295,99.08127407407406,1144,27,3.001737824000001
0,1,8192,bfloat16,eager,layernorm,inference,gpu_event,90.9789624037566,93.25985555295591,1144,27,3.001737824000001
0,1,8192,bfloat16,eager,layernorm,training_forward,wall,110.19408695652173,113.47980869565218,1177,23,3.001711956999995
0,1,8192,bfloat16,eager,layernorm,training_forward,gpu_event,102.71165681921917,105.8815976847773,1177,23,3.001711956999995
0,4096,8192,bfloat16,eager,rmsnorm,backward_retained,wall,9872.248,9961.525599999999,1000,1,9.88100049199999
0,4096,8192,bfloat16,eager,rmsnorm,backward_retained,gpu_event,9564.160346984863,9579.523420333862,1000,1,9.88100049199999
0,4096,8192,bfloat16,eager,rmsnorm,full_step,wall,14941.173999999999,15019.07815,1000,1,14.949555138000015
0,4096,8192,bfloat16,eager,rmsnorm,full_step,gpu_event,14730.239868164062,14751.785850524902,1000,1,14.949555138000015
0,4096,8192,bfloat16,eager,rmsnorm,inference,wall,3266.431,3294.2175500000003,1000,1,3.2693117169999977
0,4096,8192,bfloat16,eager,rmsnorm,inference,gpu_event,3049.4720935821533,3057.663917541504,1000,1,3.2693117169999977
0,4096,8192,bfloat16,eager,rmsnorm,training_forward,wall,3248.8775,3275.89315,1000,1,3.2520393279999973
0,4096,8192,bfloat16,eager,rmsnorm,training_forward,gpu_event,3049.4720935821533,3057.471990585327,1000,1,3.2520393279999973
1,4096,1024,bfloat16,compiled,rmsnorm,training_forward,wall,120.84363636363636,124.57209090909092,1122,22,3.000724468000006
1,4096,1024,bfloat16,compiled,rmsnorm,training_forward,gpu_event,115.75636538592252,119.0609417178414,1122,22,3.000724468000006
1,4096,1024,bfloat16,compiled,rmsnorm,backward_retained,wall,276.2376363636364,303.8805909090909,1000,11,3.0517763439999994
1,4096,1024,bfloat16,compiled,rmsnorm,backward_retained,gpu_event,257.3963728818026,283.9412309906699,1000,11,3.0517763439999994
1,4096,1024,bfloat16,compiled,rmsnorm,full_step,wall,518.8644166666666,582.2552833333333,1000,6,3.157560543999999
1,4096,1024,bfloat16,compiled,rmsnorm,full_step,gpu_event,498.6879825592041,561.3024155298868,1000,6,3.157560543999999
1,4096,1024,bfloat16,compiled,rmsnorm,inference,wall,79.44064516129032,82.0404258064516,1212,31,3.0022063470000018
1,4096,1024,bfloat16,compiled,rmsnorm,inference,gpu_event,76.7669677734375,79.2438195597741,1212,31,3.0022063470000018
0,512,4096,bfloat16,compiled,layernorm,backward_retained,wall,264.97118181818183,285.2430636363636,1023,11,3.000790258999999
0,512,4096,bfloat16,compiled,layernorm,backward_retained,gpu_event,246.40872261740944,265.0193474509499,1023,11,3.000790258999999
0,512,4096,bfloat16,compiled,layernorm,full_step,wall,501.3275,548.4540416666666,1000,6,3.0241598019999985
0,512,4096,bfloat16,compiled,layernorm,full_step,gpu_event,469.33333079020184,515.9253279368082,1000,6,3.0241598019999985
0,512,4096,bfloat16,compiled,layernorm,inference,wall,78.3670909090909,93.35983181818192,1122,33,3.001890040999998
0,512,4096,bfloat16,compiled,layernorm,inference,gpu_event,74.59684574242794,89.2959045641351,1122,33,3.001890040999998
0,512,4096,bfloat16,compiled,layernorm,training_forward,wall,120.34930434782609,124.60593913043478,1077,23,3.001829868000003
0,512,4096,bfloat16,compiled,layernorm,training_forward,gpu_event,115.04416880400285,119.06003952026367,1077,23,3.001829868000003
1,4096,1024,bfloat16,native,rmsnorm,training_forward,wall,15.477914285714284,16.258285714285712,2743,70,3.000920681000001
1,4096,1024,bfloat16,native,rmsnorm,training_forward,gpu_event,11.498056990759713,12.170971291405815,2743,70,3.000920681000001
1,4096,1024,bfloat16,native,rmsnorm,backward_retained,wall,181.3943846153846,211.04803076923073,1240,13,3.001004164999994
1,4096,1024,bfloat16,native,rmsnorm,backward_retained,gpu_event,134.38030389639047,155.16455723689154,1240,13,3.001004164999994
1,4096,1024,bfloat16,native,rmsnorm,full_step,wall,294.7206666666667,313.34073333333333,1118,9,3.0009982370000032
1,4096,1024,bfloat16,native,rmsnorm,full_step,gpu_event,249.17332331339517,265.4108511077032,1118,9,3.0009982370000032
1,4096,1024,bfloat16,native,rmsnorm,inference,wall,14.89769411764706,15.390677647058823,2353,85,3.000962104000002
1,4096,1024,bfloat16,native,rmsnorm,inference,gpu_event,11.625411931206198,12.075218312880573,2353,85,3.000962104000002
0,4096,8192,float32,eager,rmsnorm,backward_retained,wall,8437.878499999999,8706.41365,1000,1,8.49868936699997
0,4096,8192,float32,eager,rmsnorm,backward_retained,gpu_event,8195.903778076172,8210.435247421265,1000,1,8.49868936699997
0,4096,8192,float32,eager,rmsnorm,full_step,wall,11867.089499999998,12016.0767,1000,1,11.884840742
0,4096,8192,float32,eager,rmsnorm,full_step,gpu_event,11530.240058898926,11548.67172241211,1000,1,11.884840742
0,4096,8192,float32,eager,rmsnorm,inference,wall,2215.4852499999997,2230.528825,1000,2,4.435655186999996
0,4096,8192,float32,eager,rmsnorm,inference,gpu_event,2135.040044784546,2139.647960662842,1000,2,4.435655186999996
0,4096,8192,float32,eager,rmsnorm,training_forward,wall,2219.67375,2235.044875,1000,2,4.446141511000008
0,4096,8192,float32,eager,rmsnorm,training_forward,gpu_event,2135.040044784546,2139.18639421463,1000,2,4.446141511000008
0,32,1024,bfloat16,eager,layernorm,backward_retained,wall,340.16274999999996,372.64903125,1086,8,3.0011297289999996
0,32,1024,bfloat16,eager,layernorm,backward_retained,gpu_event,309.1199994087219,338.17101269960403,1086,8,3.0011297289999996
0,32,1024,bfloat16,eager,layernorm,full_step,wall,525.9335833333333,574.090225,1000,6,3.2083114830000037
0,32,1024,bfloat16,eager,layernorm,full_step,gpu_event,493.1333462397257,540.0234838326771,1000,6,3.2083114830000037
0,32,1024,bfloat16,eager,layernorm,inference,wall,95.89414814814816,98.45391666666667,1154,27,3.0019879150000066
0,32,1024,bfloat16,eager,layernorm,inference,gpu_event,89.96029253359194,92.46340504399052,1154,27,3.0019879150000066
0,32,1024,bfloat16,eager,layernorm,training_forward,wall,109.39647826086956,112.18826956521738,1187,23,3.0018129739999955
0,32,1024,bfloat16,eager,layernorm,training_forward,gpu_event,101.86573733454165,104.65725090192711,1187,23,3.0018129739999955
1,32,8192,float32,compiled,layernorm,training_forward,wall,123.60240909090909,127.42658181818182,1097,22,3.000646266999998
1,32,8192,float32,compiled,layernorm,training_forward,gpu_event,119.30036544799805,122.83345786007968,1097,22,3.000646266999998
1,32,8192,float32,compiled,layernorm,backward_retained,wall,241.91216666666665,259.20529166666665,1031,12,3.001543185000001
1,32,8192,float32,compiled,layernorm,backward_retained,gpu_event,227.24533081054688,243.58400702476501,1031,12,3.001543185000001
1,32,8192,float32,compiled,layernorm,full_step,wall,452.0551428571428,477.14950714285715,1000,7,3.176848087000002
1,32,8192,float32,compiled,layernorm,full_step,gpu_event,436.22170175824846,460.9533735683986,1000,7,3.176848087000002
1,32,8192,float32,compiled,layernorm,inference,wall,79.91439062500001,82.88775,1166,32,3.000587515999999
1,32,8192,float32,compiled,layernorm,inference,gpu_event,76.24049857258797,79.3440006673336,1166,32,3.000587515999999
0,1,4096,float32,eager,rmsnorm,backward_retained,wall,250.79466666666664,274.5191083333333,1000,12,3.049776946
0,1,4096,float32,eager,rmsnorm,backward_retained,gpu_event,232.11466272672016,254.5621246099472,1000,12,3.049776946
0,1,4096,float32,eager,rmsnorm,full_step,wall,366.409875,395.3186875,1011,8,3.0029753189999986
0,1,4096,float32,eager,rmsnorm,full_step,gpu_event,333.5680067539215,362.36800253391266,1011,8,3.0029753189999986
0,1,4096,float32,eager,rmsnorm,inference,wall,51.018847826086954,52.39226630434783,1272,46,3.002092041
0,1,4096,float32,eager,rmsnorm,inference,gpu_event,47.76904375656791,49.132557537244715,1272,46,3.002092041
0,1,4096,float32,eager,rmsnorm,training_forward,wall,59.63473809523809,61.4673869047619,1194,42,3.0024184409999997
0,1,4096,float32,eager,rmsnorm,training_forward,gpu_event,54.63771593003046,56.05512516839163,1194,42,3.0024184409999997
0,32,1024,bfloat16,compiled,rmsnorm,backward_retained,wall,258.60325,275.82965,1156,10,3.0020271140000037
0,32,1024,bfloat16,compiled,rmsnorm,backward_retained,gpu_event,236.13440990447998,252.04159021377563,1156,10,3.0020271140000037
0,32,1024,bfloat16,compiled,rmsnorm,full_step,wall,473.83528571428576,510.6760428571429,1000,7,3.338258038000003
0,32,1024,bfloat16,compiled,rmsnorm,full_step,gpu_event,454.3634142194475,490.9348487854004,1000,7,3.338258038000003
0,32,1024,bfloat16,compiled,rmsnorm,inference,wall,76.51354545454545,79.5228696969697,1180,33,3.0011164590000012
0,32,1024,bfloat16,compiled,rmsnorm,inference,gpu_event,73.82108948447488,76.73944162599969,1180,33,3.0011164590000012
0,32,1024,bfloat16,compiled,rmsnorm,training_forward,wall,116.75604347826085,120.48365217391303,1111,23,3.0026672049999985
0,32,1024,bfloat16,compiled,rmsnorm,training_forward,gpu_event,112.55095316016155,116.11269867938498,1111,23,3.0026672049999985
1,32,4096,float32,compiled,layernorm,training_forward,wall,122.18366666666667,126.25873095238094,1162,21,3.0008732919999987
1,32,4096,float32,compiled,layernorm,training_forward,gpu_event,117.80876205081032,121.65119591213409,1162,21,3.0008732919999987
1,32,4096,float32,compiled,layernorm,backward_retained,wall,241.845125,257.37812083333336,1032,12,3.0027114460000015
1,32,4096,float32,compiled,layernorm,backward_retained,gpu_event,227.15733448664346,242.54719913005826,1032,12,3.0027114460000015
1,32,4096,float32,compiled,layernorm,full_step,wall,463.21835714285714,492.2494928571428,1000,7,3.25949868
1,32,4096,float32,compiled,layernorm,full_step,gpu_event,434.7611495426723,463.1478701319013,1000,7,3.25949868
1,32,4096,float32,compiled,layernorm,inference,wall,78.32912121212121,81.39792727272727,1153,33,3.001097904999997
1,32,4096,float32,compiled,layernorm,inference,gpu_event,74.56581520311761,77.30890042854077,1153,33,3.001097904999997
0,4096,8192,bfloat16,compiled,layernorm,backward_retained,wall,2179.83975,2201.280475,1000,2,4.365561370999995
0,4096,8192,bfloat16,compiled,layernorm,backward_retained,gpu_event,2070.43194770813,2077.183961868286,1000,2,4.365561370999995
0,4096,8192,bfloat16,compiled,layernorm,full_step,wall,4900.834,4976.909350000001,1000,1,4.912174394999996
0,4096,8192,bfloat16,compiled,layernorm,full_step,gpu_event,4782.208204269409,4834.303855895996,1000,1,4.912174394999996
0,4096,8192,bfloat16,compiled,layernorm,inference,wall,338.4653333333333,343.19846111111116,1000,9,3.052557192
0,4096,8192,bfloat16,compiled,layernorm,inference,gpu_event,328.362676832411,331.7658676041497,1000,9,3.052557192
0,4096,8192,bfloat16,compiled,layernorm,training_forward,wall,344.5,349.03385000000003,1000,9,3.1165806229999937
0,4096,8192,bfloat16,compiled,layernorm,training_forward,gpu_event,333.1413269042969,336.7823945151435,1000,9,3.1165806229999937
1,32,8192,float32,eager,rmsnorm,training_forward,wall,60.687675,62.589595,1229,40,3.001640501000001
1,32,8192,float32,eager,rmsnorm,training_forward,gpu_event,56.198400259017944,58.11712145805358,1229,40,3.001640501000001
1,32,8192,float32,eager,rmsnorm,backward_retained,wall,249.9290909090909,272.37816363636364,1074,11,3.0008996450000014
1,32,8192,float32,eager,rmsnorm,backward_retained,gpu_event,229.56217419017446,250.54487315091217,1074,11,3.0008996450000014
1,32,8192,float32,eager,rmsnorm,full_step,wall,371.7555,401.2306,1000,8,3.013844291999999
1,32,8192,float32,eager,rmsnorm,full_step,gpu_event,341.69600903987885,369.80481296777725,1000,8,3.013844291999999
1,32,8192,float32,eager,rmsnorm,inference,wall,53.84907142857143,55.40133333333334,1319,42,3.0012096059999958
1,32,8192,float32,eager,rmsnorm,inference,gpu_event,50.10285831633068,51.608990487598234,1319,42,3.0012096059999958
1,32,8192,bfloat16,compiled,layernorm,training_forward,wall,122.35760869565217,127.09509782608696,1058,23,3.0022628079999913
1,32,8192,bfloat16,compiled,layernorm,training_forward,gpu_event,118.38330393252166,123.01356896110202,1058,23,3.0022628079999913
1,32,8192,bfloat16,compiled,layernorm,backward_retained,wall,258.4706363636364,277.16154545454543,1051,11,3.0006782389999977
1,32,8192,bfloat16,compiled,layernorm,backward_retained,gpu_event,240.73308164423162,258.2734498110684,1051,11,3.0006782389999977
1,32,8192,bfloat16,compiled,layernorm,full_step,wall,505.67425000000003,541.4075916666667,1000,6,3.0474723349999997
1,32,8192,bfloat16,compiled,layernorm,full_step,gpu_event,472.56533304850257,507.0506731669108,1000,6,3.0474723349999997
1,32,8192,bfloat16,compiled,layernorm,inference,wall,79.29771875,82.21292187499999,1175,32,3.0013780980000013
1,32,8192,bfloat16,compiled,layernorm,inference,gpu_event,75.3600001335144,78.07439714670181,1175,32,3.0013780980000013
0,4096,1024,float32,native,layernorm,backward_retained,wall,180.45974999999999,194.40731666666665,1369,12,3.000449853999993
0,4096,1024,float32,native,layernorm,backward_retained,gpu_event,136.4479959011078,149.2405374844869,1369,12,3.000449853999993
0,4096,1024,float32,native,layernorm,full_step,wall,277.89595,287.231405,1080,10,3.0004588310000013
0,4096,1024,float32,native,layernorm,full_step,gpu_event,227.4303913116455,234.39359664916992,1080,10,3.0004588310000013
0,4096,1024,float32,native,layernorm,inference,wall,26.618454545454544,27.352393939393938,1701,66,3.001725100000002
0,4096,1024,float32,native,layernorm,inference,gpu_event,22.190545544479832,22.667635570872914,1701,66,3.001725100000002
0,4096,1024,float32,native,layernorm,training_forward,wall,26.515953846153845,27.194553846153845,1733,65,3.001619292000003
0,4096,1024,float32,native,layernorm,training_forward,gpu_event,22.244431422306942,22.652652447040264,1733,65,3.001619292000003
0,512,8192,bfloat16,compiled,layernorm,backward_retained,wall,275.2533125,301.69803125,1356,8,3.0005808409999997
0,512,8192,bfloat16,compiled,layernorm,backward_retained,gpu_event,248.67999553680423,273.53599667549133,1356,8,3.0005808409999997
0,512,8192,bfloat16,compiled,layernorm,full_step,wall,520.4874166666666,579.7340833333333,1000,6,3.1534667940000034
0,512,8192,bfloat16,compiled,layernorm,full_step,gpu_event,499.54132239023846,558.105597893397,1000,6,3.1534667940000034
0,512,8192,bfloat16,compiled,layernorm,inference,wall,78.512546875,81.69525781249999,1186,32,3.001496618000002
0,512,8192,bfloat16,compiled,layernorm,inference,gpu_event,75.8724994957447,78.95324751734734,1186,32,3.001496618000002
0,512,8192,bfloat16,compiled,layernorm,training_forward,wall,121.9315909090909,125.58872727272727,1113,22,3.0006482149999987
0,512,8192,bfloat16,compiled,layernorm,training_forward,gpu_event,117.66690557653254,121.33527235551314,1113,22,3.0006482149999987
1,512,1024,float32,native,layernorm,training_forward,wall,12.793319587628865,13.319536082474226,2400,97,3.000192513000001
1,512,1024,float32,native,layernorm,training_forward,gpu_event,10.10276300390971,10.629030969954028,2400,97,3.000192513000001
1,512,1024,float32,native,layernorm,backward_retained,wall,131.1417619047619,149.03579047619047,1063,21,3.001003162999998
1,512,1024,float32,native,layernorm,backward_retained,gpu_event,106.54476710728237,123.16281454903738,1063,21,3.001003162999998
1,512,1024,float32,native,layernorm,full_step,wall,199.00764285714286,217.01494285714284,1063,14,3.0033784570000033
1,512,1024,float32,native,layernorm,full_step,gpu_event,167.28229182107108,184.31886264256067,1063,14,3.0033784570000033
1,512,1024,float32,native,layernorm,inference,wall,12.627913461538462,13.084975961538461,2271,104,3.0012053439999944
1,512,1024,float32,native,layernorm,inference,gpu_event,10.150461242749142,10.574769515257616,2271,104,3.0012053439999944
1,32,8192,float32,native,layernorm,training_forward,wall,13.186058823529413,13.702349999999997,2658,85,3.001011743000005
1,32,8192,float32,native,layernorm,training_forward,gpu_event,10.140611844904283,10.602936499259052,2658,85,3.001011743000005
1,32,8192,float32,native,layernorm,backward_retained,wall,133.97179999999997,149.257405,1099,20,3.001366004999999
1,32,8192,float32,native,layernorm,backward_retained,gpu_event,107.21280574798584,120.70400118827817,1099,20,3.001366004999999
1,32,8192,float32,native,layernorm,full_step,wall,198.51330000000002,216.94595666666663,1000,15,3.0227970429999993
1,32,8192,float32,native,layernorm,full_step,gpu_event,167.17546780904132,183.928321202596,1000,15,3.0227970429999993
1,32,8192,float32,native,layernorm,inference,wall,13.449505376344085,13.928658064516128,2385,93,3.0001188539999997
1,32,8192,float32,native,layernorm,inference,gpu_event,10.691440874530421,11.142881967688119,2385,93,3.0001188539999997
0,4096,1024,bfloat16,native,layernorm,backward_retained,wall,180.1787692307692,198.8609230769231,1261,13,3.002297178000006
0,4096,1024,bfloat16,native,layernorm,backward_retained,gpu_event,134.2227734052218,151.07938876518836,1261,13,3.002297178000006
0,4096,1024,bfloat16,native,layernorm,full_step,wall,302.7062222222222,321.8986722222222,1088,9,3.0021853909999954
0,4096,1024,bfloat16,native,layernorm,full_step,gpu_event,258.2755618625217,275.1747634675767,1088,9,3.0021853909999954
0,4096,1024,bfloat16,native,layernorm,inference,wall,21.868628571428573,22.374026428571426,1952,70,3.001307848999998
0,4096,1024,bfloat16,native,layernorm,inference,gpu_event,17.861485481262207,18.184754763330734,1952,70,3.001307848999998
0,4096,1024,bfloat16,native,layernorm,training_forward,wall,21.71056338028169,22.211011267605635,1937,71,3.000915607000004
0,4096,1024,bfloat16,native,layernorm,training_forward,gpu_event,17.911435852588063,18.157972416407624,1937,71,3.000915607000004
1,4096,1024,float32,native,layernorm,training_forward,wall,26.159492063492063,27.010936507936506,1813,63,3.001235750000002
1,4096,1024,float32,native,layernorm,training_forward,gpu_event,22.21917538415818,22.88304813324459,1813,63,3.001235750000002
1,4096,1024,float32,native,layernorm,backward_retained,wall,179.73323076923077,193.70056923076922,1269,13,3.0011791719999974
1,4096,1024,float32,native,layernorm,backward_retained,gpu_event,135.16800220196063,146.0224023232093,1269,13,3.0011791719999974
1,4096,1024,float32,native,layernorm,full_step,wall,276.7277,289.4496,1075,10,3.0002017140000015
1,4096,1024,float32,native,layernorm,full_step,gpu_event,227.63519287109375,235.21183729171747,1075,10,3.0002017140000015
1,4096,1024,float32,native,layernorm,inference,wall,26.473242424242425,27.143113636363637,1711,66,3.001503319999996
1,4096,1024,float32,native,layernorm,inference,gpu_event,22.29527271155155,22.822788267424613,1711,66,3.001503319999996
0,32,4096,float32,eager,rmsnorm,backward_retained,wall,247.875625,269.172425,1000,12,3.013068381000003
0,32,4096,float32,eager,rmsnorm,backward_retained,gpu_event,229.63200012842813,250.36973655223846,1000,12,3.013068381000003
0,32,4096,float32,eager,rmsnorm,full_step,wall,363.5442222222222,397.75385,1000,9,3.3283238069999967
0,32,4096,float32,eager,rmsnorm,full_step,gpu_event,338.1422228283352,371.26257022221887,1000,9,3.3283238069999967
0,32,4096,float32,eager,rmsnorm,inference,wall,54.17458139534884,56.19525581395348,1281,43,3.001520280999999
0,32,4096,float32,eager,rmsnorm,inference,gpu_event,50.485583238823466,52.1049277726994,1281,43,3.001520280999999
0,32,4096,float32,eager,rmsnorm,training_forward,wall,60.313475,62.012404999999994,1238,40,3.0013208930000013
0,32,4096,float32,eager,rmsnorm,training_forward,gpu_event,54.523199796676636,56.06987953186035,1238,40,3.0013208930000013
1,512,8192,float32,native,rmsnorm,training_forward,wall,26.758627450980395,28.97930392156863,2171,51,3.000313383999998
1,512,8192,float32,native,rmsnorm,training_forward,gpu_event,21.765019379410088,23.709804404015635,2171,51,3.000313383999998
1,512,8192,float32,native,rmsnorm,backward_retained,wall,178.97342307692307,198.01956153846152,1270,13,3.0012848330000033
1,512,8192,float32,native,rmsnorm,backward_retained,gpu_event,137.37353911766638,154.4743409523597,1270,13,3.0012848330000033
1,512,8192,float32,native,rmsnorm,full_step,wall,269.8577,280.36863,1103,10,3.0008344879999993
1,512,8192,float32,native,rmsnorm,full_step,gpu_event,224.9727964401245,230.25663137435907,1103,10,3.0008344879999993
1,512,8192,float32,native,rmsnorm,inference,wall,25.74918181818182,26.264763636363636,1759,66,3.001059680999994
1,512,8192,float32,native,rmsnorm,inference,gpu_event,21.829818234299168,22.173576282732416,1759,66,3.001059680999994
0,512,4096,float32,compiled,layernorm,backward_retained,wall,255.39213636363638,276.0871136363636,1062,11,3.0022131619999968
0,512,4096,float32,compiled,layernorm,backward_retained,gpu_event,232.16871781782672,251.62386243993586,1062,11,3.0022131619999968
0,512,4096,float32,compiled,layernorm,full_step,wall,466.4083571428572,504.2031142857142,1000,7,3.2897660560000013
0,512,4096,float32,compiled,layernorm,full_step,gpu_event,442.3679964882987,480.10264294488087,1000,7,3.2897660560000013
0,512,4096,float32,compiled,layernorm,inference,wall,80.048953125,83.1229859375,1164,32,3.000274727000001
0,512,4096,float32,compiled,layernorm,inference,gpu_event,76.7189972102642,79.61484715342522,1164,32,3.000274727000001
0,512,4096,float32,compiled,layernorm,training_forward,wall,123.2890909090909,126.68756363636362,1100,22,3.000498355000002
0,512,4096,float32,compiled,layernorm,training_forward,gpu_event,118.27200109308416,121.53018604625355,1100,22,3.000498355000002
0,1,1024,float32,native,layernorm,backward_retained,wall,144.05805263157893,159.3165342105263,1080,19,3.001433572000004
0,1,1024,float32,native,layernorm,backward_retained,gpu_event,114.14905598289089,128.11048093595002,1080,19,3.001433572000004
0,1,1024,float32,native,layernorm,full_step,wall,200.70286666666667,215.6475333333333,1000,15,3.040497862000003
0,1,1024,float32,native,layernorm,full_step,gpu_event,166.2186622619629,180.09173711140951,1000,15,3.040497862000003
0,1,1024,float32,native,layernorm,inference,wall,12.0044375,12.449182142857143,2215,112,3.0007704150000047
0,1,1024,float32,native,layernorm,inference,gpu_event,9.708000080926078,10.105600314480915,2215,112,3.0007704150000047
0,1,1024,float32,native,layernorm,training_forward,wall,11.809300000000002,12.261831818181818,2291,110,3.001181513999999
0,1,1024,float32,native,layernorm,training_forward,gpu_event,9.53221862966364,9.914181449196555,2291,110,3.001181513999999
0,4096,4096,float32,eager,layernorm,backward_retained,wall,5405.765,5583.7916,1000,1,5.459329445999998
0,4096,4096,float32,eager,layernorm,backward_retained,gpu_event,5127.16817855835,5137.417387962341,1000,1,5.459329445999998
0,4096,4096,float32,eager,layernorm,full_step,wall,7539.4065,7623.75045,1000,1,7.545832477000004
0,4096,4096,float32,eager,layernorm,full_step,gpu_event,7187.456130981445,7201.791763305664,1000,1,7.545832477000004
0,4096,4096,float32,eager,layernorm,inference,wall,1557.67775,1570.8882750000002,1000,2,3.1187132959999992
0,4096,4096,float32,eager,layernorm,inference,gpu_event,1477.3200154304504,1483.4223747253418,1000,2,3.1187132959999992
0,4096,4096,float32,eager,layernorm,training_forward,wall,1560.16325,1573.641425,1000,2,3.1240556789999996
0,4096,4096,float32,eager,layernorm,training_forward,gpu_event,1477.3679971694946,1483.2639694213867,1000,2,3.1240556789999996
1,1,8192,float32,compiled,rmsnorm,training_forward,wall,115.24722727272727,118.9960568181818,1176,22,3.001278745999999
1,1,8192,float32,compiled,rmsnorm,training_forward,gpu_event,110.91781746257435,114.63599584319375,1176,22,3.001278745999999
1,1,8192,float32,compiled,rmsnorm,backward_retained,wall,236.587,252.49158846153847,1000,13,3.0864189900000025
1,1,8192,float32,compiled,rmsnorm,backward_retained,gpu_event,222.76554657862738,237.72897903735822,1000,13,3.0864189900000025
1,1,8192,float32,compiled,rmsnorm,full_step,wall,433.5633571428571,456.89724999999993,1000,7,3.046487455
1,1,8192,float32,compiled,rmsnorm,full_step,gpu_event,417.6457268851144,440.75611318860734,1000,7,3.046487455
1,1,8192,float32,compiled,rmsnorm,inference,wall,76.2985,79.61888181818182,1182,33,3.000803984000001
1,1,8192,float32,compiled,rmsnorm,inference,gpu_event,73.91418110240589,77.07748051845665,1182,33,3.000803984000001
1,512,4096,float32,compiled,rmsnorm,training_forward,wall,121.68397727272728,125.52527272727272,1114,22,3.0014162550000005
1,512,4096,float32,compiled,rmsnorm,training_forward,gpu_event,116.41017957167192,120.17658569596031,1114,22,3.0014162550000005
1,512,4096,float32,compiled,rmsnorm,backward_retained,wall,248.31920833333334,277.3653166666667,1000,12,3.0091103449999963
1,512,4096,float32,compiled,rmsnorm,backward_retained,gpu_event,232.1053345998128,259.6693237622579,1000,12,3.0091103449999963
1,512,4096,float32,compiled,rmsnorm,full_step,wall,459.12621428571435,495.90918571428574,1000,7,3.230848507000001
1,512,4096,float32,compiled,rmsnorm,full_step,gpu_event,442.0731408255441,478.0681133270263,1000,7,3.230848507000001
1,512,4096,float32,compiled,rmsnorm,inference,wall,77.58320312500001,80.617375,1200,32,3.000812247999998
1,512,4096,float32,compiled,rmsnorm,inference,gpu_event,74.97599720954895,77.88704857230186,1200,32,3.000812247999998
1,4096,8192,float32,compiled,layernorm,training_forward,wall,689.5937,699.96345,1000,5,3.4262348000000022
1,4096,8192,float32,compiled,layernorm,training_forward,gpu_event,651.2639999389648,657.4172782897949,1000,5,3.4262348000000022
1,4096,8192,float32,compiled,layernorm,backward_retained,wall,2191.7217499999997,2214.41995,1000,2,4.387973843999998
1,4096,8192,float32,compiled,layernorm,backward_retained,gpu_event,2052.095890045166,2056.704044342041,1000,2,4.387973843999998
1,4096,8192,float32,compiled,layernorm,full_step,wall,4287.834999999999,4335.4952,1000,1,4.2952091539999975
1,4096,8192,float32,compiled,layernorm,full_step,gpu_event,4129.792213439941,4169.920015335083,1000,1,4.2952091539999975
1,4096,8192,float32,compiled,layernorm,inference,wall,664.3816,671.4652,1000,5,3.3343804019999967
1,4096,8192,float32,compiled,layernorm,inference,gpu_event,642.4575805664062,647.3728179931641,1000,5,3.3343804019999967
0,32,8192,bfloat16,compiled,layernorm,backward_retained,wall,262.2713636363637,278.9262181818182,1034,11,3.002050185000003
0,32,8192,bfloat16,compiled,layernorm,backward_retained,gpu_event,244.08435821533203,261.5854523398659,1034,11,3.002050185000003
0,32,8192,bfloat16,compiled,layernorm,full_step,wall,491.75814285714284,521.2710714285714,1000,7,3.4541856370000024
0,32,8192,bfloat16,compiled,layernorm,full_step,gpu_event,475.7211548941476,504.5309782028198,1000,7,3.4541856370000024
0,32,8192,bfloat16,compiled,layernorm,inference,wall,78.40609677419354,82.95465322580645,1216,31,3.0021171559999993
0,32,8192,bfloat16,compiled,layernorm,inference,gpu_event,75.8750977054719,80.19535772262081,1216,31,3.0021171559999993
0,32,8192,bfloat16,compiled,layernorm,training_forward,wall,123.17340909090909,127.65906363636364,1097,22,3.0017549449999974
0,32,8192,bfloat16,compiled,layernorm,training_forward,gpu_event,118.97599697113037,123.30821427431974,1097,22,3.0017549449999974
1,32,1024,bfloat16,native,layernorm,training_forward,wall,11.87813679245283,12.33496462264151,2366,106,3.0004785080000014
1,32,1024,bfloat16,native,layernorm,training_forward,gpu_event,9.554264118086618,9.988528096450949,2366,106,3.0004785080000014
1,32,1024,bfloat16,native,layernorm,backward_retained,wall,155.2093157894737,165.20936842105263,1009,19,3.0006768269999995
1,32,1024,bfloat16,native,layernorm,backward_retained,gpu_event,126.70652489913137,135.52067405299135,1009,19,3.0006768269999995
1,32,1024,bfloat16,native,layernorm,full_step,wall,228.26696153846154,249.4116923076923,1000,13,3.0127650640000008
1,32,1024,bfloat16,native,layernorm,full_step,gpu_event,201.88553516681378,222.75237211814294,1000,13,3.0127650640000008
1,32,1024,bfloat16,native,layernorm,inference,wall,11.823327102803738,12.292027570093458,2354,107,3.0007750570000047
1,32,1024,bfloat16,native,layernorm,inference,gpu_event,9.570093912498974,9.99389925849772,2354,107,3.0007750570000047
0,512,8192,bfloat16,native,rmsnorm,backward_retained,wall,182.81238461538462,201.3049423076923,1244,13,3.000696673
0,512,8192,bfloat16,native,rmsnorm,backward_retained,gpu_event,139.26399671114407,154.22941721402682,1244,13,3.000696673
0,512,8192,bfloat16,native,rmsnorm,full_step,wall,295.16166666666663,320.59596666666664,1115,9,3.002141649000001
0,512,8192,bfloat16,native,rmsnorm,full_step,gpu_event,253.3831066555447,277.9135968950059,1115,9,3.002141649000001
0,512,8192,bfloat16,native,rmsnorm,inference,wall,15.543170731707317,15.979843902439024,2345,82,3.000314776999997
0,512,8192,bfloat16,native,rmsnorm,inference,gpu_event,12.288000525497807,12.650146716978492,2345,82,3.000314776999997
0,512,8192,bfloat16,native,rmsnorm,training_forward,wall,15.518524390243902,15.914792682926832,2350,82,3.001059652000002
0,512,8192,bfloat16,native,rmsnorm,training_forward,gpu_event,12.288000525497807,12.594575562128204,2350,82,3.001059652000002
0,4096,4096,bfloat16,compiled,layernorm,backward_retained,wall,1068.988,1081.4893000000002,1000,3,3.2119306859999983
0,4096,4096,bfloat16,compiled,layernorm,backward_retained,gpu_event,1000.3999869028728,1005.4938554763794,1000,3,3.2119306859999983
0,4096,4096,bfloat16,compiled,layernorm,full_step,wall,2440.535,2477.951825,1000,2,4.8572873579999944
0,4096,4096,bfloat16,compiled,layernorm,full_step,gpu_event,2326.0639905929565,2348.031997680664,1000,2,4.8572873579999944
0,4096,4096,bfloat16,compiled,layernorm,inference,wall,166.65449999999998,169.444934375,1122,16,3.0009535819999993
0,4096,4096,bfloat16,compiled,layernorm,inference,gpu_event,158.01399946212769,160.44479981064796,1122,16,3.0009535819999993
0,4096,4096,bfloat16,compiled,layernorm,training_forward,wall,170.0564666666667,173.77656666666667,1167,15,3.0001319979999943
0,4096,4096,bfloat16,compiled,layernorm,training_forward,gpu_event,161.31413777669272,164.38612937927246,1167,15,3.0001319979999943
